,Province,Inhabitants,Land area,Inhabitants per square km,Average household income,Latitude,Longitude,Number of cinemas,Number of cinemas per inhabitant,Number of cinemas per square km,Number of cinemas per inhabitant times square km,Number of inhabitants per cinema,Number of potential customers for a new cinema,Label,Mean number of cinemas per inhabitant,Mean number of cinemas per square km,Mean number of cinemas per inhabitant times square km,Std number of cinemas per inhabitant,Std number of cinemas per square km,Std number of cinemas per inhabitant times square km
's-Hertogenbosch,Noord-Brabant,154231,110.25,1392.0,30100.0,51.709969799999996,5.29191613945104,2.8,1.8154586302364635e-05,0.025396825396825397,0.002001543139835701,55082.5,40587,7,0.00010977323523697737,0.07603103977158712,0.004730246323375737,5.9698739733946024e-05,0.03789049401910738,0.0030897049645269518
Aa en Hunze,Drenthe,25386,276.09,92.0,30700.0,52.98143929999999,6.72945206177796,0.1,3.9391790750807535e-06,0.000362200731645478,0.001087567950839045,253860.0,23078,0,1.1382810388708286e-05,0.0037663469914448566,0.002251506319830709,9.507703010641844e-06,0.005431216973948226,0.0020741386639016608
Aalsmeer,Noord-Holland,31724,20.12,1566.0,34000.0,52.265834399999996,4.766170039669309,2.4,7.565250283696885e-05,0.11928429423459244,0.0015221283570798134,13218.333333333334,9330,1,3.0440756654428055e-05,0.07143909940827131,0.0006882066354724089,2.041897661087393e-05,0.043632581678239454,0.0003806281459146849
Aalten,Gelderland,27007,96.54,279.0,27800.0,51.92856679999999,6.5809017999999995,0.1,3.7027437331062318e-06,0.0010358400662937642,0.0003574628799940756,270070.0,24551,2,2.150591976542731e-05,0.009049930577187048,0.0018403203289503968,1.721622391496517e-05,0.00888637718596235,0.0015214627270522035
Achtkarspelen,Friesland,27871,102.23,273.0,25500.0,53.20751675,6.15076370517544,0.1,3.5879588102328588e-06,0.0009781864423359092,0.00036679702917010517,278710.0,25337,0,1.1382810388708286e-05,0.0037663469914448566,0.002251506319830709,9.507703010641844e-06,0.005431216973948226,0.0020741386639016608
Alblasserdam,Zuid-Holland,20060,8.78,2280.0,28800.0,51.8599524,4.666202275442481,1.8,8.97308075772682e-05,0.2050113895216401,0.0007878364905284147,11144.444444444443,7164,1,3.0440756654428055e-05,0.07143909940827131,0.0006882066354724089,2.041897661087393e-05,0.043632581678239454,0.0003806281459146849
Albrandswaard,Zuid-Holland,25292,21.69,1163.0,34400.0,51.8524269,4.43528536264633,5.0,0.00019769096947651433,0.2305209774089442,0.0042879171279455956,5058.4,4215,3,0.0002630518942516105,0.16837823415237024,0.006811689234400736,6.809743530881317e-05,0.07247212850785036,0.0027467097958134594
Alkmaar,Noord-Holland,108578,110.46,982.0,28600.0,52.63373645,4.7402031936764,1.4,1.2893956418427305e-05,0.012674271229404309,0.00142426642597948,77555.71428571429,45240,4,3.39586659765619e-05,0.01705138471271403,0.002350964697774102,2.7087480259710103e-05,0.01809930930053315,0.002074040538459369
Almelo,Overijssel,72883,67.27,1080.0,25700.0,52.3567956,6.6672527763410905,1.0,1.3720620720881413e-05,0.014865467518953472,0.0009229861558936926,72883.0,36441,2,2.150591976542731e-05,0.009049930577187048,0.0018403203289503968,1.721622391496517e-05,0.00888637718596235,0.0015214627270522035
Almere,Flevoland,207819,129.19,1579.0,28800.0,52.44175125,5.209294310432759,0.9,4.330691611450349e-06,0.006966483473953093,0.0005594820492832705,230910.0,109378,0,1.1382810388708286e-05,0.0037663469914448566,0.002251506319830709,9.507703010641844e-06,0.005431216973948226,0.0020741386639016608
Alphen aan den Rijn,Zuid-Holland,111036,126.23,869.0,30900.0,52.1343369,4.6561357,1.2,1.0807305738679347e-05,0.009506456468351422,0.001364206203393494,92530.0,50470,4,3.39586659765619e-05,0.01705138471271403,0.002350964697774102,2.7087480259710103e-05,0.01809930930053315,0.002074040538459369
Alphen-Chaam,Noord-Brabant,10139,93.04,108.0,32500.0,51.50689565,4.87135986651391,1.2,0.00011835486734391952,0.01289767841788478,0.011011736857678273,8449.166666666668,4608,4,3.39586659765619e-05,0.01705138471271403,0.002350964697774102,2.7087480259710103e-05,0.01809930930053315,0.002074040538459369
Amersfoort,Utrecht (provincie),156294,62.62,2479.0,30900.0,52.1637739,5.396587949351701,2.3,1.471585601494619e-05,0.03672947939955286,0.0009215069036559304,67953.91304347827,47361,1,3.0440756654428055e-05,0.07143909940827131,0.0006882066354724089,2.041897661087393e-05,0.043632581678239454,0.0003806281459146849
Amstelveen,Noord-Holland,90827,41.13,2185.0,34300.0,52.2862177,4.8526492597460305,3.0,3.3029825932817336e-05,0.07293946024799416,0.001358516740616777,30275.666666666668,22706,1,3.0440756654428055e-05,0.07143909940827131,0.0006882066354724089,2.041897661087393e-05,0.043632581678239454,0.0003806281459146849
Amsterdam,Noord-Holland,863202,165.5,5160.0,29700.0,52.3745403,4.89797550561798,4.4,5.09730051598583e-06,0.026586102719033236,0.0008436032353956549,196182.2727272727,159852,5,7.839117564691203e-06,0.03719749425023043,0.0008868277607354155,5.007061033517467e-06,0.024206055537566294,0.0003112290722426245
Apeldoorn,Gelderland,162456,339.89,474.0,29200.0,52.2156457,5.9639485,1.0,6.15551287733294e-06,0.0029421283356380005,0.0020921972718766927,162456.0,81228,0,1.1382810388708286e-05,0.0037663469914448566,0.002251506319830709,9.507703010641844e-06,0.005431216973948226,0.0020741386639016608
Appingedam,Groningen (provincie),11713,23.78,496.0,24900.0,53.31872515,6.844171069672519,0.1,8.53752241099633e-06,0.004205214465937763,0.00020302228293349274,117130.0,10648,0,1.1382810388708286e-05,0.0037663469914448566,0.002251506319830709,9.507703010641844e-06,0.005431216973948226,0.0020741386639016608
Arnhem,Gelderland,159277,97.82,1607.0,26300.0,52.005664200000005,5.87623450776413,2.6,1.6323763004074662e-05,0.0265794316090779,0.0015967904970585834,61260.38461538461,44243,2,2.150591976542731e-05,0.009049930577187048,0.0018403203289503968,1.721622391496517e-05,0.00888637718596235,0.0015214627270522035
Assen,Drenthe,67970,81.89,827.0,27200.0,52.99037165,6.553377770642331,1.3,1.912608503751655e-05,0.015874954206862864,0.0015662351037222305,52284.61538461538,29552,0,1.1382810388708286e-05,0.0037663469914448566,0.002251506319830709,9.507703010641844e-06,0.005431216973948226,0.0020741386639016608
Asten,Noord-Brabant,16714,70.17,238.0,29900.0,51.4043498,5.7449218,0.2,1.1966016513102789e-05,0.0028502208921191395,0.0008396553787244227,83570.0,13928,2,2.150591976542731e-05,0.009049930577187048,0.0018403203289503968,1.721622391496517e-05,0.00888637718596235,0.0015214627270522035
Baarn,Utrecht (provincie),24764,32.54,757.0,34700.0,52.2002549,5.26914339331394,3.5,0.00014133419479890163,0.107559926244622,0.004599014698756259,7075.428571428572,5503,7,0.00010977323523697737,0.07603103977158712,0.004730246323375737,5.9698739733946024e-05,0.03789049401910738,0.0030897049645269518
Barendrecht,Zuid-Holland,48688,19.75,2455.0,33500.0,51.85193795,4.52938352520747,5.0,0.00010269470916858363,0.25316455696202533,0.0020282205060795267,9737.6,8114,6,0.00011342668916943451,0.317186548625726,0.0014743329325001273,3.96718930066559e-05,0.1181329667066823,0.0005648140998616572
Barneveld,Gelderland,57960,175.9,326.0,30500.0,52.142478999999994,5.5866392,0.1,1.725327812284334e-06,0.0005685048322910744,0.0003034851621808144,579600.0,52690,2,2.150591976542731e-05,0.009049930577187048,0.0018403203289503968,1.721622391496517e-05,0.00888637718596235,0.0015214627270522035
Beek,Limburg,15927,21.03,756.0,29900.0,51.50796195,5.10965934173815,3.6,0.00022603126765869278,0.17118402282453637,0.00475343755886231,4424.166666666667,3462,7,0.00010977323523697737,0.07603103977158712,0.004730246323375737,5.9698739733946024e-05,0.03789049401910738,0.0030897049645269518
Beemster,Noord-Holland,9748,70.58,135.0,34300.0,52.56245505,4.91986790415572,0.6,6.155108740254411e-05,0.00850099178237461,0.004344275748871564,16246.666666666668,6092,4,3.39586659765619e-05,0.01705138471271403,0.002350964697774102,2.7087480259710103e-05,0.01809930930053315,0.002074040538459369
Beesel,Limburg,13526,27.99,480.0,28100.0,51.26488805,6.037735936726019,0.9,6.65385184089901e-05,0.03215434083601287,0.0018624131302676327,15028.888888888889,7118,2,2.150591976542731e-05,0.009049930577187048,0.0018403203289503968,1.721622391496517e-05,0.00888637718596235,0.0015214627270522035
Berg en Dal,Gelderland,34766,86.35,402.0,29100.0,51.825881,5.9100531,3.4,9.779669792325835e-05,0.03937463810075275,0.008444744865673358,10225.29411764706,7901,7,0.00010977323523697737,0.07603103977158712,0.004730246323375737,5.9698739733946024e-05,0.03789049401910738,0.0030897049645269518
Bergeijk,Noord-Brabant,18497,101.0,182.0,31700.0,51.30452025,5.31841374716957,0.8,4.3250256798399745e-05,0.007920792079207921,0.004368275936638374,23121.25,10276,2,2.150591976542731e-05,0.009049930577187048,0.0018403203289503968,1.721622391496517e-05,0.00888637718596235,0.0015214627270522035
Bergen (Limburg),Limburg,13134,103.24,127.0,28100.0,51.6060195,6.05767144450122,0.1,7.613826709304097e-06,0.0009686168151879118,0.0007860514694685549,131340.0,11939,2,2.150591976542731e-05,0.009049930577187048,0.0018403203289503968,1.721622391496517e-05,0.00888637718596235,0.0015214627270522035
Bergen (Noord-Holland),Noord-Holland,29965,98.96,303.0,35800.0,52.6676625,4.7080402999999995,1.4,4.672117470382112e-05,0.014147130153597413,0.004623527448690138,21403.57142857143,12485,4,3.39586659765619e-05,0.01705138471271403,0.002350964697774102,2.7087480259710103e-05,0.01809930930053315,0.002074040538459369
Bergen op Zoom,Noord-Brabant,66805,79.96,830.0,28300.0,51.4965864,4.28974079726371,1.0,1.4968939450639922e-05,0.012506253126563283,0.001196916398473168,66805.0,33402,4,3.39586659765619e-05,0.01705138471271403,0.002350964697774102,2.7087480259710103e-05,0.01809930930053315,0.002074040538459369
Berkelland,Gelderland,43899,258.06,171.0,28500.0,52.10152,6.618404576883941,0.1,2.2779562176814964e-06,0.00038750678136867395,0.000587849381534887,438990.0,39908,0,1.1382810388708286e-05,0.0037663469914448566,0.002251506319830709,9.507703010641844e-06,0.005431216973948226,0.0020741386639016608
Bernheze,Noord-Brabant,30802,89.73,340.0,31800.0,51.68353285,5.5212428164770495,1.4,4.545159405233426e-05,0.015602362643486013,0.004078371534315953,22001.428571428572,12834,2,2.150591976542731e-05,0.009049930577187048,0.0018403203289503968,1.721622391496517e-05,0.00888637718596235,0.0015214627270522035
Best,Noord-Brabant,29823,34.3,860.0,32300.0,51.510017,5.398661990056469,4.8,0.00016094960265566845,0.13994169096209913,0.005520571371089428,6213.125,5141,7,0.00010977323523697737,0.07603103977158712,0.004730246323375737,5.9698739733946024e-05,0.03789049401910738,0.0030897049645269518
Beuningen,Gelderland,25896,43.65,591.0,30600.0,51.85859,5.7674900000000004,3.5,0.00013515600864998456,0.08018327605956473,0.005899559777571826,7398.857142857143,5754,7,0.00010977323523697737,0.07603103977158712,0.004730246323375737,5.9698739733946024e-05,0.03789049401910738,0.0030897049645269518
Beverwijk,Noord-Holland,41168,18.4,2232.0,27900.0,52.478626,4.6732036218509005,1.2,2.9148853478429846e-05,0.06521739130434782,0.0005363389040031092,34306.66666666667,18712,1,3.0440756654428055e-05,0.07143909940827131,0.0006882066354724089,2.041897661087393e-05,0.043632581678239454,0.0003806281459146849
Bladel,Noord-Brabant,20175,75.33,267.0,30800.0,51.3667765,5.2154317,0.2,9.913258983890955e-06,0.0026549847338377805,0.0007467657992565056,100875.0,16812,2,2.150591976542731e-05,0.009049930577187048,0.0018403203289503968,1.721622391496517e-05,0.00888637718596235,0.0015214627270522035
Blaricum,Noord-Holland,11198,11.11,971.0,48800.0,52.28113375,5.29371090566366,3.2,0.0002857653152348634,0.28802880288028804,0.003174852652259332,3499.375,2666,3,0.0002630518942516105,0.16837823415237024,0.006811689234400736,6.809743530881317e-05,0.07247212850785036,0.0027467097958134594
Bloemendaal,Noord-Holland,23409,39.79,583.0,50800.0,52.403659399999995,4.619768700000001,3.1,0.00013242769874834465,0.07790902236742901,0.005269298133196634,7551.290322580645,5709,3,0.0002630518942516105,0.16837823415237024,0.006811689234400736,6.809743530881317e-05,0.07247212850785036,0.0027467097958134594
Bodegraven-Reeuwijk,Zuid-Holland,34470,75.38,450.0,34100.0,52.067755299999995,4.7575800066386,1.9,5.5120394545982014e-05,0.02520562483417352,0.004154975340876124,18142.105263157897,11886,4,3.39586659765619e-05,0.01705138471271403,0.002350964697774102,2.7087480259710103e-05,0.01809930930053315,0.002074040538459369
Boekel,Noord-Brabant,10587,34.51,304.0,30500.0,51.60571795,5.674821983398269,1.3,0.00012279210352318881,0.03767024050999711,0.004237555492585246,8143.846153846153,4603,7,0.00010977323523697737,0.07603103977158712,0.004730246323375737,5.9698739733946024e-05,0.03789049401910738,0.0030897049645269518
Borger-Odoorn,Drenthe,25359,274.53,92.0,27900.0,52.90009250000001,6.88216148192829,0.2,7.886746322804527e-06,0.0007285178304739009,0.0021651484679995263,126795.0,21132,0,1.1382810388708286e-05,0.0037663469914448566,0.002251506319830709,9.507703010641844e-06,0.005431216973948226,0.0020741386639016608
Borsele,Zeeland,22801,141.57,160.0,29800.0,51.428911299999996,3.83588438663442,0.4,1.7543090215341434e-05,0.0028254573709119166,0.0024835752817858867,57002.5,16286,4,3.39586659765619e-05,0.01705138471271403,0.002350964697774102,2.7087480259710103e-05,0.01809930930053315,0.002074040538459369
Boxmeer,Noord-Brabant,29059,111.44,259.0,30100.0,51.6486483,5.9450972,0.2,6.882549296259335e-06,0.0017946877243359657,0.0007669912935751403,145295.0,24215,2,2.150591976542731e-05,0.009049930577187048,0.0018403203289503968,1.721622391496517e-05,0.00888637718596235,0.0015214627270522035
Boxtel,Noord-Brabant,30738,63.73,481.0,29500.0,51.590323299999994,5.30587934176726,0.8,2.602641681306526e-05,0.01255295779067943,0.001658663543496649,38422.5,17076,2,2.150591976542731e-05,0.009049930577187048,0.0018403203289503968,1.721622391496517e-05,0.00888637718596235,0.0015214627270522035
Breda,Noord-Brabant,184069,125.74,1459.0,30300.0,51.5644477,4.75122959738863,4.4,2.3904079448467696e-05,0.03499284237315095,0.003005698949850328,41833.86363636363,34086,7,0.00010977323523697737,0.07603103977158712,0.004730246323375737,5.9698739733946024e-05,0.03789049401910738,0.0030897049645269518
Brielle,Zuid-Holland,17184,27.55,619.0,32800.0,51.907478999999995,4.16708617673985,0.4,2.3277467411545626e-05,0.014519056261343014,0.000641294227188082,42960.0,12274,4,3.39586659765619e-05,0.01705138471271403,0.002350964697774102,2.7087480259710103e-05,0.01809930930053315,0.002074040538459369
Bronckhorst,Gelderland,36219,283.5,128.0,31000.0,52.0529087,6.269274781349419,0.4,1.1043927220519617e-05,0.0014109347442680777,0.003130953367017311,90547.5,25870,0,1.1382810388708286e-05,0.0037663469914448566,0.002251506319830709,9.507703010641844e-06,0.005431216973948226,0.0020741386639016608
Brummen,Gelderland,20672,83.65,248.0,30000.0,52.087327,6.1568633,0.4,1.934984520123839e-05,0.004781829049611476,0.0016186145510835915,51680.0,14765,2,2.150591976542731e-05,0.009049930577187048,0.0018403203289503968,1.721622391496517e-05,0.00888637718596235,0.0015214627270522035
Brunssum,Limburg,28121,17.25,1637.0,25700.0,50.94382155,5.97482508471928,2.4,8.534547135592618e-05,0.1391304347826087,0.0014722093808897266,11717.083333333334,8270,7,0.00010977323523697737,0.07603103977158712,0.004730246323375737,5.9698739733946024e-05,0.03789049401910738,0.0030897049645269518
Bunnik,Utrecht (provincie),15188,36.97,412.0,35200.0,52.066333799999995,5.1941182,5.0,0.0003292072688964972,0.1352447930754666,0.012170792731103502,3037.6,2531,3,0.0002630518942516105,0.16837823415237024,0.006811689234400736,6.809743530881317e-05,0.07247212850785036,0.0027467097958134594
Bunschoten,Utrecht (provincie),21588,30.38,700.0,30800.0,52.2391726,5.3735818,2.6,0.0001204372799703539,0.08558262014483213,0.0036588845654993516,8303.076923076922,5996,7,0.00010977323523697737,0.07603103977158712,0.004730246323375737,5.9698739733946024e-05,0.03789049401910738,0.0030897049645269518
Buren,Gelderland,26578,133.89,197.0,31900.0,51.91125529999999,5.3338217000000006,0.5,1.881255173451727e-05,0.0037344088430801407,0.002518812551734517,53156.0,17718,2,2.150591976542731e-05,0.009049930577187048,0.0018403203289503968,1.721622391496517e-05,0.00888637718596235,0.0015214627270522035
Capelle aan den IJssel,Zuid-Holland,66822,14.14,4728.0,28600.0,51.9358538,4.58946093551115,5.0,7.482565622100506e-05,0.3536067892503536,0.0010580347789650114,13364.4,11137,6,0.00011342668916943451,0.317186548625726,0.0014743329325001273,3.96718930066559e-05,0.1181329667066823,0.0005648140998616572
Castricum,Noord-Holland,35754,49.68,717.0,34400.0,52.55883055,4.639675526200151,0.8,2.2375118867818988e-05,0.016103059581320453,0.0011115959053532474,44692.5,19863,4,3.39586659765619e-05,0.01705138471271403,0.002350964697774102,2.7087480259710103e-05,0.01809930930053315,0.002074040538459369
Coevorden,Drenthe,35497,296.07,119.0,28300.0,52.65266925,6.7393188870097305,0.1,2.8171394765754853e-06,0.00033775796264396936,0.000834070484829704,354970.0,32269,0,1.1382810388708286e-05,0.0037663469914448566,0.002251506319830709,9.507703010641844e-06,0.005431216973948226,0.0020741386639016608
Cranendonck,Noord-Brabant,20436,76.4,266.0,30200.0,51.304050700000005,5.588774099999999,0.5,2.4466627520062635e-05,0.006544502617801046,0.0018692503425327854,40872.0,13624,2,2.150591976542731e-05,0.009049930577187048,0.0018403203289503968,1.721622391496517e-05,0.00888637718596235,0.0015214627270522035
Cuijk,Noord-Brabant,24931,51.16,487.0,28700.0,51.729939,5.8800457999999995,1.2,4.813284665677269e-05,0.023455824863174355,0.0024624764349604907,20775.833333333336,11332,2,2.150591976542731e-05,0.009049930577187048,0.0018403203289503968,1.721622391496517e-05,0.00888637718596235,0.0015214627270522035
Culemborg,Gelderland,28544,29.29,963.0,30100.0,51.94933145,5.20921518362178,0.5,1.7516816143497758e-05,0.01707067258449983,0.0005130675448430493,57088.0,19029,2,2.150591976542731e-05,0.009049930577187048,0.0018403203289503968,1.721622391496517e-05,0.00888637718596235,0.0015214627270522035
Dalfsen,Overijssel,28487,165.07,171.0,30400.0,52.5111721,6.253911,0.1,3.5103731526661286e-06,0.0006058035984733749,0.0005794572963105978,284870.0,25897,2,2.150591976542731e-05,0.009049930577187048,0.0018403203289503968,1.721622391496517e-05,0.00888637718596235,0.0015214627270522035
De Bilt,Utrecht (provincie),42809,66.12,648.0,35900.0,52.1038467,5.19093085070224,5.0,0.00011679786960685836,0.07562008469449485,0.0077226751384054755,8561.8,7134,7,0.00010977323523697737,0.07603103977158712,0.004730246323375737,5.9698739733946024e-05,0.03789049401910738,0.0030897049645269518
De Friese Meren,Friesland,51442,351.29,147.0,28700.0,52.9597686,5.9320827000000005,0.3,5.831810582792271e-06,0.0008539952745594807,0.002048656739629097,171473.33333333334,39570,0,1.1382810388708286e-05,0.0037663469914448566,0.002251506319830709,9.507703010641844e-06,0.005431216973948226,0.0020741386639016608
De Ronde Venen,Utrecht (provincie),44064,99.92,437.0,35800.0,52.23257135,4.92032224585349,2.7,6.127450980392157e-05,0.02702161729383507,0.006122549019607843,16319.999999999998,11909,4,3.39586659765619e-05,0.01705138471271403,0.002350964697774102,2.7087480259710103e-05,0.01809930930053315,0.002074040538459369
De Wolden,Drenthe,24116,224.55,107.0,30300.0,52.70557745,6.33895417395422,0.9,3.7319621827832145e-05,0.004008016032064128,0.008380121081439708,26795.555555555555,12692,0,1.1382810388708286e-05,0.0037663469914448566,0.002251506319830709,9.507703010641844e-06,0.005431216973948226,0.0020741386639016608
Delft,Zuid-Holland,103217,22.65,4514.0,28200.0,51.9994572,4.362724538544,1.4,1.3563657149500566e-05,0.06181015452538632,0.0003072168344361878,73726.42857142858,43007,1,3.0440756654428055e-05,0.07143909940827131,0.0006882066354724089,2.041897661087393e-05,0.043632581678239454,0.0003806281459146849
Delfzijl,Groningen (provincie),24709,133.07,187.0,25800.0,53.380921799999996,6.93109835966104,0.1,4.0471083410902914e-06,0.0007514841812579846,0.0005385487069488851,247090.0,22462,0,1.1382810388708286e-05,0.0037663469914448566,0.002251506319830709,9.507703010641844e-06,0.005431216973948226,0.0020741386639016608
Den Haag,Zuid-Holland,537988,82.45,6459.0,28300.0,52.07494555,4.269680220536451,5.0,9.293887596005858e-06,0.06064281382656155,0.0007662810322906831,107597.6,89664,5,7.839117564691203e-06,0.03719749425023043,0.0008868277607354155,5.007061033517467e-06,0.024206055537566294,0.0003112290722426245
Den Helder,Noord-Holland,55600,45.25,1232.0,26400.0,52.9529894,4.8267591994488,0.8,1.4388489208633095e-05,0.017679558011049725,0.0006510791366906476,69500.0,30888,1,3.0440756654428055e-05,0.07143909940827131,0.0006882066354724089,2.041897661087393e-05,0.043632581678239454,0.0003806281459146849
Deurne,Noord-Brabant,32354,116.93,275.0,29500.0,51.461192600000004,5.791461099999999,1.1,3.399888730914261e-05,0.009407337723424272,0.0039754898930580455,29412.727272727272,15406,2,2.150591976542731e-05,0.009049930577187048,0.0018403203289503968,1.721622391496517e-05,0.00888637718596235,0.0015214627270522035
Deventer,Overijssel,99941,130.68,763.0,27600.0,52.24927325,6.1761306398455895,1.9,1.9011216617804502e-05,0.014539332721150901,0.0024843857876146926,52600.52631578947,34462,2,2.150591976542731e-05,0.009049930577187048,0.0018403203289503968,1.721622391496517e-05,0.00888637718596235,0.0015214627270522035
Diemen,Noord-Holland,29205,11.99,2345.0,29500.0,52.335049299999994,4.98428432770381,3.7,0.00012669063516521144,0.3085904920767306,0.0015190207156308851,7893.243243243242,6213,6,0.00011342668916943451,0.317186548625726,0.0014743329325001273,3.96718930066559e-05,0.1181329667066823,0.0005648140998616572
Dinkelland,Overijssel,26340,175.71,150.0,30800.0,52.371448799999996,6.91506661931692,0.1,3.7965072133637056e-06,0.0005691195720220818,0.0006670842824601367,263400.0,23945,2,2.150591976542731e-05,0.009049930577187048,0.0018403203289503968,1.721622391496517e-05,0.00888637718596235,0.0015214627270522035
Doesburg,Gelderland,11142,11.53,983.0,26800.0,52.0187505,6.151558274308551,0.4,3.5900197451085984e-05,0.034692107545533396,0.00041392927661102136,27855.0,7958,2,2.150591976542731e-05,0.009049930577187048,0.0018403203289503968,1.721622391496517e-05,0.00888637718596235,0.0015214627270522035
Doetinchem,Gelderland,57543,79.05,726.0,28000.0,51.9655192,6.2891093,0.4,6.9513233581843144e-06,0.005060088551549652,0.00054950211146447,143857.5,41102,2,2.150591976542731e-05,0.009049930577187048,0.0018403203289503968,1.721622391496517e-05,0.00888637718596235,0.0015214627270522035
Dongen,Noord-Brabant,26061,29.24,881.0,29800.0,51.6247384,4.936678400000001,1.9,7.290587467863858e-05,0.06497948016415869,0.002131767775603392,13716.315789473685,8986,7,0.00010977323523697737,0.07603103977158712,0.004730246323375737,5.9698739733946024e-05,0.03789049401910738,0.0030897049645269518
Dordrecht,Zuid-Holland,118667,78.54,1508.0,27900.0,51.8075316,4.6677478,1.3,1.0955025407232002e-05,0.016552075375604786,0.0008604076954840015,91282.30769230769,51594,1,3.0440756654428055e-05,0.07143909940827131,0.0006882066354724089,2.041897661087393e-05,0.043632581678239454,0.0003806281459146849
Drechterland,Noord-Holland,19604,58.89,330.0,31000.0,52.65570515,5.18535946066344,1.1,5.6110997755560094e-05,0.018678892851078283,0.003304376657824934,17821.81818181818,9335,4,3.39586659765619e-05,0.01705138471271403,0.002350964697774102,2.7087480259710103e-05,0.01809930930053315,0.002074040538459369
Drimmelen,Noord-Brabant,27162,95.18,284.0,31300.0,51.7081516,4.8046508,0.5,1.8408070097930933e-05,0.0052532044547173775,0.0017520801119210662,54324.0,18108,4,3.39586659765619e-05,0.01705138471271403,0.002350964697774102,2.7087480259710103e-05,0.01809930930053315,0.002074040538459369
Dronten,Flevoland,40797,333.57,122.0,29000.0,52.53172775,5.75053478514506,0.5,1.2255803122778636e-05,0.0014989357556135145,0.004088168247665269,81594.0,27198,0,1.1382810388708286e-05,0.0037663469914448566,0.002251506319830709,9.507703010641844e-06,0.005431216973948226,0.0020741386639016608
Druten,Gelderland,18790,37.64,497.0,29600.0,51.88473605,5.60042658345203,0.1,5.321979776476849e-06,0.002656748140276302,0.00020031931878658862,187900.0,17081,2,2.150591976542731e-05,0.009049930577187048,0.0018403203289503968,1.721622391496517e-05,0.00888637718596235,0.0015214627270522035
Duiven,Gelderland,25339,33.9,750.0,29600.0,51.9495859,6.0245940000000004,2.9,0.00011444808398121472,0.0855457227138643,0.0038797900469631787,8737.586206896553,6497,7,0.00010977323523697737,0.07603103977158712,0.004730246323375737,5.9698739733946024e-05,0.03789049401910738,0.0030897049645269518
Echt-Susteren,Limburg,31646,103.07,308.0,29000.0,51.0821352,5.899125547533701,0.5,1.579978512292233e-05,0.004851072086931212,0.0016284838526196043,63292.0,21097,2,2.150591976542731e-05,0.009049930577187048,0.0018403203289503968,1.721622391496517e-05,0.00888637718596235,0.0015214627270522035
Edam-Volendam,Noord-Holland,36094,54.33,662.0,33000.0,52.54861165,5.02661566420633,0.7,1.9393805064553663e-05,0.012884226026136572,0.0010536654291572005,51562.857142857145,21231,4,3.39586659765619e-05,0.01705138471271403,0.002350964697774102,2.7087480259710103e-05,0.01809930930053315,0.002074040538459369
Ede,Gelderland,115732,318.18,360.0,30000.0,52.045826500000004,5.6702011,2.1,1.8145370338367953e-05,0.006600037714501226,0.005773493934261915,55110.47619047619,37332,0,1.1382810388708286e-05,0.0037663469914448566,0.002251506319830709,9.507703010641844e-06,0.005431216973948226,0.0020741386639016608
Eemnes,Utrecht (provincie),9117,31.04,294.0,33700.0,52.254741499999994,5.28607099551365,3.4,0.0003729296917845783,0.1095360824742268,0.01157573763299331,2681.470588235294,2072,3,0.0002630518942516105,0.16837823415237024,0.006811689234400736,6.809743530881317e-05,0.07247212850785036,0.0027467097958134594
Eersel,Noord-Brabant,19111,82.46,228.0,35000.0,51.3586373,5.3201315000000005,1.0,5.2325885615614045e-05,0.01212709192335678,0.004314792527863534,19111.0,9555,4,3.39586659765619e-05,0.01705138471271403,0.002350964697774102,2.7087480259710103e-05,0.01809930930053315,0.002074040538459369
Eijsden-Margraten,Limburg,25654,77.74,329.0,32100.0,50.8049942,5.76828165223431,2.0,7.796055196070789e-05,0.02572678157962439,0.006060653309425431,12827.0,8551,7,0.00010977323523697737,0.07603103977158712,0.004730246323375737,5.9698739733946024e-05,0.03789049401910738,0.0030897049645269518
Eindhoven,Noord-Brabant,231469,87.66,2614.0,28900.0,51.4392648,5.478633,5.0,2.1601164734802502e-05,0.05703855806525211,0.0018935581006527871,46293.8,38578,7,0.00010977323523697737,0.07603103977158712,0.004730246323375737,5.9698739733946024e-05,0.03789049401910738,0.0030897049645269518
Emmen,Drenthe,107111,335.18,320.0,26200.0,52.78183695,6.900874526321089,0.5,4.668054634911447e-06,0.0014917357837579807,0.0015646385525296188,214222.0,71407,0,1.1382810388708286e-05,0.0037663469914448566,0.002251506319830709,9.507703010641844e-06,0.005431216973948226,0.0020741386639016608
Enkhuizen,Noord-Holland,18510,12.68,1457.0,28200.0,52.75771949999999,5.32069409037035,0.5,2.7012425715829283e-05,0.03943217665615142,0.0003425175580767153,37020.0,12340,1,3.0440756654428055e-05,0.07143909940827131,0.0006882066354724089,2.041897661087393e-05,0.043632581678239454,0.0003806281459146849
Enschede,Overijssel,158961,140.83,1124.0,25400.0,52.22336325,6.87059566409799,2.5,1.572712803769478e-05,0.017751899453241494,0.002214851441548556,63584.4,45417,2,2.150591976542731e-05,0.009049930577187048,0.0018403203289503968,1.721622391496517e-05,0.00888637718596235,0.0015214627270522035
Epe,Gelderland,33151,156.07,211.0,29600.0,52.3467875,5.9837267,0.4,1.2066001025610087e-05,0.0025629525213045432,0.0018831407800669663,82877.5,23679,0,1.1382810388708286e-05,0.0037663469914448566,0.002251506319830709,9.507703010641844e-06,0.005431216973948226,0.0020741386639016608
Ermelo,Gelderland,26855,85.63,313.0,31100.0,52.30015,5.6230199999999995,0.6,2.2342208154905974e-05,0.007006890108606797,0.0019131632843045986,44758.333333333336,16784,2,2.150591976542731e-05,0.009049930577187048,0.0018403203289503968,1.721622391496517e-05,0.00888637718596235,0.0015214627270522035
Etten-Leur,Noord-Brabant,43786,55.3,787.0,29400.0,51.57593705,4.64322159394737,3.1,7.079888548851232e-05,0.05605786618444847,0.0039151783675147305,14124.516129032258,10679,7,0.00010977323523697737,0.07603103977158712,0.004730246323375737,5.9698739733946024e-05,0.03789049401910738,0.0030897049645269518
Geertruidenberg,Noord-Brabant,21515,26.63,808.0,29700.0,51.69646695,4.8467431124573395,0.7,3.2535440390425285e-05,0.026286143447239955,0.0008664187775970253,30735.714285714286,12655,4,3.39586659765619e-05,0.01705138471271403,0.002350964697774102,2.7087480259710103e-05,0.01809930930053315,0.002074040538459369
Geldrop-Mierlo,Noord-Brabant,39588,31.01,1266.0,30000.0,51.43182315,5.591809905322,5.0,0.00012630089926240275,0.16123831022250887,0.003916590886127109,7917.6,6598,7,0.00010977323523697737,0.07603103977158712,0.004730246323375737,5.9698739733946024e-05,0.03789049401910738,0.0030897049645269518
Gennep,Limburg,17072,47.62,358.0,28600.0,51.700959999999995,5.96786315208325,0.4,2.3430178069353328e-05,0.008399832003359933,0.0011157450796626053,42680.0,12194,2,2.150591976542731e-05,0.009049930577187048,0.0018403203289503968,1.721622391496517e-05,0.00888637718596235,0.0015214627270522035
Gilze en Rijen,Noord-Brabant,26451,65.38,402.0,29400.0,51.56323905,4.91303939100513,3.8,0.00014366186533590412,0.058121749770572044,0.00939261275566141,6960.789473684211,5510,7,0.00010977323523697737,0.07603103977158712,0.004730246323375737,5.9698739733946024e-05,0.03789049401910738,0.0030897049645269518
Goeree-Overflakkee,Zuid-Holland,49610,260.48,189.0,30300.0,51.75257979999999,4.12241150855911,0.2,4.031445273130417e-06,0.0007678132678132678,0.0010501108647450112,248050.0,41341,4,3.39586659765619e-05,0.01705138471271403,0.002350964697774102,2.7087480259710103e-05,0.01809930930053315,0.002074040538459369
Goes,Zeeland,37654,92.58,407.0,28900.0,51.503114399999994,3.88924980553989,0.3,7.967281032559622e-06,0.0032404406999351912,0.0007376108779943698,125513.33333333334,28964,4,3.39586659765619e-05,0.01705138471271403,0.002350964697774102,2.7087480259710103e-05,0.01809930930053315,0.002074040538459369
Goirle,Noord-Brabant,23780,42.99,549.0,31200.0,51.5239585,5.0661977,3.6,0.00015138772077375948,0.0837404047452896,0.006508158116063921,6605.555555555556,5169,7,0.00010977323523697737,0.07603103977158712,0.004730246323375737,5.9698739733946024e-05,0.03789049401910738,0.0030897049645269518
Gooise Meren,Noord-Holland,57709,41.59,1378.0,38200.0,52.322224,5.104556785563769,2.7,4.678646311667158e-05,0.06491945179129599,0.0019458490010223711,21373.7037037037,15597,4,3.39586659765619e-05,0.01705138471271403,0.002350964697774102,2.7087480259710103e-05,0.01809930930053315,0.002074040538459369
Gorinchem,Zuid-Holland,36679,18.83,1927.0,28800.0,51.842187200000005,4.97460046726009,0.7,1.9084489762534418e-05,0.03717472118959108,0.00035936094222852304,52398.571428571435,21575,1,3.0440756654428055e-05,0.07143909940827131,0.0006882066354724089,2.041897661087393e-05,0.043632581678239454,0.0003806281459146849
Gouda,Zuid-Holland,73161,16.5,4405.0,28900.0,52.01811935,4.7111221346978,0.7,9.56793920258061e-06,0.04242424242424242,0.00015787099684258006,104515.71428571429,43035,1,3.0440756654428055e-05,0.07143909940827131,0.0006882066354724089,2.041897661087393e-05,0.043632581678239454,0.0003806281459146849
Grave,Noord-Brabant,12478,27.18,457.0,29500.0,51.76025475,5.733886233930299,1.5,0.00012021157236736656,0.05518763796909492,0.003267350536945023,8318.666666666666,4991,7,0.00010977323523697737,0.07603103977158712,0.004730246323375737,5.9698739733946024e-05,0.03789049401910738,0.0030897049645269518
Groningen (gemeente),Groningen (provincie),231354,94.92,2137.0,25700.0,53.21640915,6.50103512434397,2.8,1.21026651797678e-05,0.02949852507374631,0.0011487849788635596,82626.42857142858,60882,0,1.1382810388708286e-05,0.0037663469914448566,0.002251506319830709,9.507703010641844e-06,0.005431216973948226,0.0020741386639016608
Gulpen-Wittem,Limburg,14258,73.18,194.0,29300.0,50.79962605,5.8905296752731005,0.1,7.013606396409034e-06,0.0013664935774801857,0.0005132557160892131,142580.0,12961,2,2.150591976542731e-05,0.009049930577187048,0.0018403203289503968,1.721622391496517e-05,0.00888637718596235,0.0015214627270522035
Haaksbergen,Overijssel,24270,104.82,232.0,29200.0,52.16212075,6.77535377710186,1.2,4.9443757725587144e-05,0.011448196908986834,0.005182694684796044,20225.0,11031,2,2.150591976542731e-05,0.009049930577187048,0.0018403203289503968,1.721622391496517e-05,0.00888637718596235,0.0015214627270522035
Haaren,Noord-Brabant,14192,57.7,244.0,34800.0,51.603612700000006,5.2272278,0.7,4.932356257046223e-05,0.0121317157712305,0.002845969560315671,20274.285714285714,8348,4,3.39586659765619e-05,0.01705138471271403,0.002350964697774102,2.7087480259710103e-05,0.01809930930053315,0.002074040538459369
Haarlem,Noord-Holland,161213,29.17,5476.0,30300.0,52.38370575,4.64355969655963,3.6,2.2330705340140063e-05,0.1234144669180665,0.0006513866747718856,44781.38888888889,35046,1,3.0440756654428055e-05,0.07143909940827131,0.0006882066354724089,2.041897661087393e-05,0.043632581678239454,0.0003806281459146849
Haarlemmermeer,Noord-Holland,154223,178.26,826.0,32600.0,52.3238421,4.7152612488760095,4.9,3.1772174059640914e-05,0.027487938965555934,0.005663707747871589,31474.08163265306,26139,7,0.00010977323523697737,0.07603103977158712,0.004730246323375737,5.9698739733946024e-05,0.03789049401910738,0.0030897049645269518
Halderberge,Noord-Brabant,30191,74.47,401.0,29500.0,51.58976405,4.513483321011281,1.2,3.974694445364512e-05,0.01611387135759366,0.002959954953462952,25159.166666666668,13723,4,3.39586659765619e-05,0.01705138471271403,0.002350964697774102,2.7087480259710103e-05,0.01809930930053315,0.002074040538459369
Hardenberg,Overijssel,60575,312.28,194.0,27900.0,52.569125199999995,6.615938378617929,0.4,6.6033842344201406e-06,0.0012809017548354043,0.002062104828724721,151437.5,43267,0,1.1382810388708286e-05,0.0037663469914448566,0.002251506319830709,9.507703010641844e-06,0.005431216973948226,0.0020741386639016608
Harderwijk,Gelderland,47572,38.89,1204.0,28700.0,52.33599915,5.64027152139206,0.6,1.2612461111578239e-05,0.01542813062483929,0.0004904986126292777,79286.66666666667,29732,2,2.150591976542731e-05,0.009049930577187048,0.0018403203289503968,1.721622391496517e-05,0.00888637718596235,0.0015214627270522035
Hardinxveld-Giessendam,Zuid-Holland,18053,16.91,1062.0,29400.0,51.83862405,4.8246104239093395,0.2,1.1078491109510885e-05,0.011827321111768185,0.00018733728466182906,90265.0,15044,4,3.39586659765619e-05,0.01705138471271403,0.002350964697774102,2.7087480259710103e-05,0.01809930930053315,0.002074040538459369
Hattem,Gelderland,12170,23.08,527.0,31500.0,52.47671170000001,6.061913261141651,2.4,0.0001972062448644207,0.10398613518197573,0.004551520131470829,5070.833333333334,3579,7,0.00010977323523697737,0.07603103977158712,0.004730246323375737,5.9698739733946024e-05,0.03789049401910738,0.0030897049645269518
Heemskerk,Noord-Holland,39159,27.34,1432.0,29800.0,52.51011775,4.63506088707317,0.8,2.042953088689701e-05,0.02926115581565472,0.0005585433744477642,48948.75,21755,1,3.0440756654428055e-05,0.07143909940827131,0.0006882066354724089,2.041897661087393e-05,0.043632581678239454,0.0003806281459146849
Heemstede,Noord-Holland,27278,9.18,2951.0,40500.0,52.34282575,4.61807385354216,3.6,0.00013197448493291298,0.39215686274509803,0.001211525771684141,7577.222222222222,5930,6,0.00011342668916943451,0.317186548625726,0.0014743329325001273,3.96718930066559e-05,0.1181329667066823,0.0005648140998616572
Heerde,Gelderland,18549,78.74,236.0,30300.0,52.389632299999995,6.0393181,0.3,1.6173378618793465e-05,0.0038100076200152403,0.0012734918324437973,61830.0,14268,2,2.150591976542731e-05,0.009049930577187048,0.0018403203289503968,1.721622391496517e-05,0.00888637718596235,0.0015214627270522035
Heerenveen,Friesland,50252,190.09,264.0,27900.0,52.9567361,5.933267875126821,0.3,5.969911645307649e-06,0.0015781998000946919,0.0011348205046565311,167506.6666666667,38655,0,1.1382810388708286e-05,0.0037663469914448566,0.002251506319830709,9.507703010641844e-06,0.005431216973948226,0.0020741386639016608
Heerhugowaard,Noord-Holland,56749,38.21,1462.0,29300.0,52.6780162,4.85168859396379,1.0,1.7621455884685192e-05,0.02617115938236064,0.0006733158293538213,56749.0,28374,1,3.0440756654428055e-05,0.07143909940827131,0.0006882066354724089,2.041897661087393e-05,0.043632581678239454,0.0003806281459146849
Heerlen,Limburg,86826,44.94,1931.0,24800.0,50.8876735,5.9773285000000005,2.4,2.7641489876304332e-05,0.0534045393858478,0.0012422085550411167,36177.5,25537,7,0.00010977323523697737,0.07603103977158712,0.004730246323375737,5.9698739733946024e-05,0.03789049401910738,0.0030897049645269518
Heeze-Leende,Noord-Brabant,15965,104.02,153.0,33800.0,51.35863595,5.57797730092697,0.9,5.6373316630128404e-05,0.008652182272639877,0.005863952395865957,17738.888888888887,8402,2,2.150591976542731e-05,0.009049930577187048,0.0018403203289503968,1.721622391496517e-05,0.00888637718596235,0.0015214627270522035
Heiloo,Noord-Holland,23459,18.7,1235.0,33600.0,52.60192475,4.70503175175436,1.1,4.689031928044674e-05,0.05882352941176471,0.000876848970544354,21326.363636363636,11170,4,3.39586659765619e-05,0.01705138471271403,0.002350964697774102,2.7087480259710103e-05,0.01809930930053315,0.002074040538459369
Hellendoorn,Overijssel,35812,137.91,260.0,29000.0,52.41702665,6.4560613848558495,0.4,1.1169440411035407e-05,0.0029004423174534117,0.001540377527085893,89530.0,25580,2,2.150591976542731e-05,0.009049930577187048,0.0018403203289503968,1.721622391496517e-05,0.00888637718596235,0.0015214627270522035
Hellevoetsluis,Zuid-Holland,40041,41.1,973.0,30400.0,51.8433469,4.12130277209192,0.2,4.994880247746061e-06,0.004866180048661801,0.00020528957818236312,200205.0,33367,4,3.39586659765619e-05,0.01705138471271403,0.002350964697774102,2.7087480259710103e-05,0.01809930930053315,0.002074040538459369
Helmond,Noord-Brabant,91535,53.18,1709.0,27200.0,51.4790956,5.655768599999999,1.4,1.5294696017916644e-05,0.02632568634825122,0.0008133719342328071,65382.14285714286,38139,2,2.150591976542731e-05,0.009049930577187048,0.0018403203289503968,1.721622391496517e-05,0.00888637718596235,0.0015214627270522035
Hendrik-Ido-Ambacht,Zuid-Holland,30962,10.61,2891.0,31700.0,51.84664995,4.63428041666292,3.7,0.0001195013242038628,0.34872761545711595,0.0012679090498029842,8368.108108108108,6587,6,0.00011342668916943451,0.317186548625726,0.0014743329325001273,3.96718930066559e-05,0.1181329667066823,0.0005648140998616572
Hengelo,Overijssel,80660,60.84,1325.0,27100.0,52.2658726,6.7924049,2.4,2.9754525167369204e-05,0.039447731755424056,0.0018102653111827425,33608.333333333336,23723,2,2.150591976542731e-05,0.009049930577187048,0.0018403203289503968,1.721622391496517e-05,0.00888637718596235,0.0015214627270522035
Heumen,Gelderland,16483,39.76,414.0,32900.0,51.77125035,5.8311669000290705,3.4,0.00020627312989140325,0.08551307847082495,0.008201419644482193,4847.941176470588,3746,7,0.00010977323523697737,0.07603103977158712,0.004730246323375737,5.9698739733946024e-05,0.03789049401910738,0.0030897049645269518
Heusden,Noord-Brabant,44107,78.88,554.0,30500.0,51.7335641,5.1382012,0.5,1.1336069104677262e-05,0.006338742393509129,0.0008941891309769424,88214.0,29404,2,2.150591976542731e-05,0.009049930577187048,0.0018403203289503968,1.721622391496517e-05,0.00888637718596235,0.0015214627270522035
Hillegom,Zuid-Holland,21963,12.87,1694.0,30600.0,52.29482605,4.57297125640167,1.9,8.650912898966443e-05,0.14763014763014765,0.001113372490096981,11559.473684210527,7573,1,3.0440756654428055e-05,0.07143909940827131,0.0006882066354724089,2.041897661087393e-05,0.043632581678239454,0.0003806281459146849
Hilvarenbeek,Noord-Brabant,15330,94.85,162.0,32400.0,51.486292399999996,5.137998400000001,3.5,0.00022831050228310502,0.03690036900369004,0.02165525114155251,4380.0,3406,7,0.00010977323523697737,0.07603103977158712,0.004730246323375737,5.9698739733946024e-05,0.03789049401910738,0.0030897049645269518
Hilversum,Noord-Holland,90198,45.61,1963.0,31600.0,52.23158695,5.17349360239234,2.8,3.104281691390053e-05,0.06139004604253453,0.0014158628794430032,32213.57142857143,23736,1,3.0440756654428055e-05,0.07143909940827131,0.0006882066354724089,2.041897661087393e-05,0.043632581678239454,0.0003806281459146849
Hof van Twente,Overijssel,34946,212.56,164.0,30700.0,52.2359271,6.56686374252827,0.2,5.723115664167573e-06,0.0009409108016560031,0.0012165054655754594,174730.0,29121,2,2.150591976542731e-05,0.009049930577187048,0.0018403203289503968,1.721622391496517e-05,0.00888637718596235,0.0015214627270522035
Hollands Kroon,Noord-Holland,47802,357.34,133.0,29200.0,52.8759468,4.96550471204737,0.2,4.1839253587716e-06,0.0005596910505401019,0.0014950838877034434,239010.0,39835,0,1.1382810388708286e-05,0.0037663469914448566,0.002251506319830709,9.507703010641844e-06,0.005431216973948226,0.0020741386639016608
Hoogeveen,Drenthe,55678,127.54,437.0,26400.0,52.720239299999996,6.475931299999999,0.3,5.388124573440138e-06,0.0023522032303591026,0.0006872014080965553,185593.33333333334,42829,0,1.1382810388708286e-05,0.0037663469914448566,0.002251506319830709,9.507703010641844e-06,0.005431216973948226,0.0020741386639016608
Hoorn,Noord-Holland,73037,20.38,3573.0,28600.0,52.62254545,5.067726588147821,0.5,6.845845256513822e-06,0.02453385672227674,0.00013951832632775167,146074.0,48691,1,3.0440756654428055e-05,0.07143909940827131,0.0006882066354724089,2.041897661087393e-05,0.043632581678239454,0.0003806281459146849
Horst aan de Maas,Limburg,42293,188.73,224.0,29900.0,51.4515953,6.03089889322314,0.4,9.457829900929232e-06,0.0021194298733640655,0.001784976237202374,105732.5,30209,2,2.150591976542731e-05,0.009049930577187048,0.0018403203289503968,1.721622391496517e-05,0.00888637718596235,0.0015214627270522035
Houten,Utrecht (provincie),49902,54.94,902.0,34100.0,52.03061555,5.161216639426679,5.0,0.00010019638491443229,0.09100837277029487,0.00550478938719891,9980.4,8317,7,0.00010977323523697737,0.07603103977158712,0.004730246323375737,5.9698739733946024e-05,0.03789049401910738,0.0030897049645269518
Huizen,Noord-Holland,41280,15.81,2617.0,32600.0,52.29648445,5.24058204069026,4.0,9.689922480620155e-05,0.2530044275774826,0.0015319767441860466,10320.0,8256,6,0.00011342668916943451,0.317186548625726,0.0014743329325001273,3.96718930066559e-05,0.1181329667066823,0.0005648140998616572
Hulst,Zeeland,27523,201.71,136.0,28900.0,51.291008000000005,4.03741773697298,0.1,3.633324855575337e-06,0.0004957612413861484,0.0007328779566181013,275230.0,25020,4,3.39586659765619e-05,0.01705138471271403,0.002350964697774102,2.7087480259710103e-05,0.01809930930053315,0.002074040538459369
IJsselstein,Utrecht (provincie),34162,21.07,1628.0,32900.0,52.02620525,5.02868592322906,5.0,0.0001463614542474094,0.23730422401518747,0.003083835840992916,6832.4,5693,6,0.00011342668916943451,0.317186548625726,0.0014743329325001273,3.96718930066559e-05,0.1181329667066823,0.0005648140998616572
Kaag en Braassem,Zuid-Holland,26861,63.24,421.0,32700.000000000004,52.19304625,4.62163669903484,2.2,8.19031309333234e-05,0.03478810879190386,0.005179554000223372,12209.545454545454,8394,4,3.39586659765619e-05,0.01705138471271403,0.002350964697774102,2.7087480259710103e-05,0.01809930930053315,0.002074040538459369
Kampen,Overijssel,53787,142.18,375.0,27200.0,52.55594839999999,5.9033303,0.2,3.7183706099986987e-06,0.0014066676044450696,0.0005286779333296151,268935.0,44822,2,2.150591976542731e-05,0.009049930577187048,0.0018403203289503968,1.721622391496517e-05,0.00888637718596235,0.0015214627270522035
Katwijk,Zuid-Holland,65312,24.75,2625.0,29700.0,52.19660355,4.39680477612367,1.9,2.9091131798138165e-05,0.07676767676767676,0.0007200055120039196,34374.73684210527,22521,1,3.0440756654428055e-05,0.07143909940827131,0.0006882066354724089,2.041897661087393e-05,0.043632581678239454,0.0003806281459146849
Kerkrade,Limburg,45643,21.91,2092.0,24700.0,50.87205345,6.05930845735641,2.3,5.039107858817343e-05,0.10497489730716567,0.00110406853186688,19844.782608695652,13831,7,0.00010977323523697737,0.07603103977158712,0.004730246323375737,5.9698739733946024e-05,0.03789049401910738,0.0030897049645269518
Koggenland,Noord-Holland,22736,80.32,282.0,31200.0,52.6475784,4.95232646863131,1.1,4.83814215341309e-05,0.013695219123505978,0.0038859957776213937,20669.090909090908,10826,4,3.39586659765619e-05,0.01705138471271403,0.002350964697774102,2.7087480259710103e-05,0.01809930930053315,0.002074040538459369
Krimpen aan den IJssel,Zuid-Holland,29353,7.69,3812.0,30400.0,51.9166979,4.608369872564269,5.0,0.00017034033999931863,0.6501950585175552,0.0013099172145947602,5870.6,4892,6,0.00011342668916943451,0.317186548625726,0.0014743329325001273,3.96718930066559e-05,0.1181329667066823,0.0005648140998616572
Krimpenerwaard,Zuid-Holland,56043,148.4,375.0,31100.0,51.95574195,4.75784699750764,0.7,1.2490409150116874e-05,0.0047169811320754715,0.0018535767178773442,80061.42857142858,32966,4,3.39586659765619e-05,0.01705138471271403,0.002350964697774102,2.7087480259710103e-05,0.01809930930053315,0.002074040538459369
Laarbeek,Noord-Brabant,22334,55.35,400.0,30200.0,51.53228435,5.61265248893554,1.2,5.372973941076386e-05,0.02168021680216802,0.0029739410763857796,18611.666666666668,10151,2,2.150591976542731e-05,0.009049930577187048,0.0018403203289503968,1.721622391496517e-05,0.00888637718596235,0.0015214627270522035
Landerd,Noord-Brabant,15523,70.35,218.0,31800.0,51.70925615,5.65085744234553,1.1,7.08625909940089e-05,0.015636105188343997,0.004985183276428526,14111.81818181818,7391,2,2.150591976542731e-05,0.009049930577187048,0.0018403203289503968,1.721622391496517e-05,0.00888637718596235,0.0015214627270522035
Landgraaf,Limburg,37596,24.58,1530.0,26800.0,50.908084499999994,6.0264604,2.4,6.383657835939994e-05,0.09764035801464606,0.0015691030960740505,15665.0,11057,7,0.00010977323523697737,0.07603103977158712,0.004730246323375737,5.9698739733946024e-05,0.03789049401910738,0.0030897049645269518
Landsmeer,Noord-Holland,11498,22.53,508.0,34800.0,52.44966555,4.93020295468758,3.0,0.00026091494172899633,0.13315579227696403,0.0058784136371542875,3832.6666666666665,2874,3,0.0002630518942516105,0.16837823415237024,0.006811689234400736,6.809743530881317e-05,0.07247212850785036,0.0027467097958134594
Langedijk,Noord-Holland,27986,23.88,1165.0,31500.0,52.68991139999999,4.7787321580755995,1.3,4.6451797327235045e-05,0.05443886097152429,0.0011092689201743727,21527.69230769231,12167,4,3.39586659765619e-05,0.01705138471271403,0.002350964697774102,2.7087480259710103e-05,0.01809930930053315,0.002074040538459369
Lansingerland,Zuid-Holland,61617,53.41,1145.0,35400.0,52.01101685,4.50764549523346,0.6,9.737572423194897e-06,0.011233851338700617,0.0005200837431228395,102695.0,38510,4,3.39586659765619e-05,0.01705138471271403,0.002350964697774102,2.7087480259710103e-05,0.01809930930053315,0.002074040538459369
Laren,Noord-Holland,11198,12.41,898.0,54300.0,52.24253135,5.21624403043807,3.3,0.00029469548133595285,0.26591458501208703,0.0036571709233791747,3393.3333333333335,2604,3,0.0002630518942516105,0.16837823415237024,0.006811689234400736,6.809743530881317e-05,0.07247212850785036,0.0027467097958134594
Leeuwarden,Friesland,123114,238.38,514.0,25900.0,53.19968475,5.800690895602339,1.7,1.3808340237503452e-05,0.00713147076096988,0.003291632145816073,72420.0,45597,0,1.1382810388708286e-05,0.0037663469914448566,0.002251506319830709,9.507703010641844e-06,0.005431216973948226,0.0020741386639016608
Leiden,Zuid-Holland,124797,21.91,5674.0,29500.0,52.1518157,4.4811088666204295,1.9,1.5224724953324197e-05,0.0867183934276586,0.00033357372372733315,65682.63157894737,43033,1,3.0440756654428055e-05,0.07143909940827131,0.0006882066354724089,2.041897661087393e-05,0.043632581678239454,0.0003806281459146849
Leiderdorp,Zuid-Holland,27122,11.58,2350.0,32000.0,52.15705765,4.543378647059759,2.5,9.217609320846545e-05,0.2158894645941278,0.0010673991593540299,10848.8,7749,6,0.00011342668916943451,0.317186548625726,0.0014743329325001273,3.96718930066559e-05,0.1181329667066823,0.0005648140998616572
Leidschendam-Voorburg,Zuid-Holland,75405,32.55,2302.0,32400.0,52.09260105,4.43212497207516,1.4,1.8566408063125785e-05,0.043010752688172046,0.0006043365824547443,53860.71428571429,31418,1,3.0440756654428055e-05,0.07143909940827131,0.0006882066354724089,2.041897661087393e-05,0.043632581678239454,0.0003806281459146849
Lelystad,Flevoland,77872,230.32,336.0,27300.0,52.53668095,5.3610435254128,0.4,5.13663447709061e-06,0.001736714136853074,0.0011830696527635094,194680.0,55622,0,1.1382810388708286e-05,0.0037663469914448566,0.002251506319830709,9.507703010641844e-06,0.005431216973948226,0.0020741386639016608
Leudal,Limburg,35671,162.73,220.0,30300.0,51.2339148,5.89585313998546,0.7,1.9623784026239803e-05,0.004301603883733792,0.003193378374590003,50958.571428571435,20982,2,2.150591976542731e-05,0.009049930577187048,0.0018403203289503968,1.721622391496517e-05,0.00888637718596235,0.0015214627270522035
Leusden,Utrecht (provincie),30028,58.54,508.0,33600.0,52.118766799999996,5.41711889973408,2.3,7.659517783402158e-05,0.039289374786470786,0.004483881710403623,13055.652173913044,9099,4,3.39586659765619e-05,0.01705138471271403,0.002350964697774102,2.7087480259710103e-05,0.01809930930053315,0.002074040538459369
Lingewaard,Gelderland,46466,62.0,748.0,29900.0,51.907433700000006,5.943972131470621,5.0,0.00010760556105539534,0.08064516129032258,0.006671544785434511,9293.2,7744,7,0.00010977323523697737,0.07603103977158712,0.004730246323375737,5.9698739733946024e-05,0.03789049401910738,0.0030897049645269518
Lisse,Zuid-Holland,22807,15.69,1450.0,30800.0,52.2540183,4.54192802967581,1.1,4.8230806331389486e-05,0.07010834926704908,0.000756741351339501,20733.63636363636,10860,1,3.0440756654428055e-05,0.07143909940827131,0.0006882066354724089,2.041897661087393e-05,0.043632581678239454,0.0003806281459146849
Lochem,Gelderland,33600,213.03,158.0,32600.0,52.158485,6.4143596,1.3,3.8690476190476195e-05,0.0061024268882317045,0.008242232142857143,25846.153846153844,14608,0,1.1382810388708286e-05,0.0037663469914448566,0.002251506319830709,9.507703010641844e-06,0.005431216973948226,0.0020741386639016608
Loon op Zand,Noord-Brabant,23333,49.94,463.0,30100.0,51.6264405,5.0687815,3.7,0.000158573693909913,0.07408890668802563,0.007919170273861055,6306.216216216216,4964,7,0.00010977323523697737,0.07603103977158712,0.004730246323375737,5.9698739733946024e-05,0.03789049401910738,0.0030897049645269518
Lopik,Utrecht (provincie),14477,75.57,190.0,32100.0,51.9752848,4.949174299999999,0.3,2.0722525385093597e-05,0.003969829297340214,0.001566001243351523,48256.66666666667,11136,4,3.39586659765619e-05,0.01705138471271403,0.002350964697774102,2.7087480259710103e-05,0.01809930930053315,0.002074040538459369
Losser,Overijssel,22614,98.76,228.0,28100.0,52.262136100000006,7.0047679,1.3,5.7486512779693996e-05,0.013163223977318752,0.005677368002122579,17395.384615384613,9832,2,2.150591976542731e-05,0.009049930577187048,0.0018403203289503968,1.721622391496517e-05,0.00888637718596235,0.0015214627270522035
Maasdriel,Gelderland,24703,66.11,368.0,30800.0,51.78533779999999,5.3167925055845995,0.6,2.4288547949641744e-05,0.009075782786265314,0.0016057159049508156,41171.66666666667,15439,2,2.150591976542731e-05,0.009049930577187048,0.0018403203289503968,1.721622391496517e-05,0.00888637718596235,0.0015214627270522035
Maasgouw,Limburg,23718,45.71,518.0,30200.0,51.157703000000005,5.89454297586926,1.0,4.2162071000927563e-05,0.021877050973528767,0.001927228265452399,23718.0,11859,2,2.150591976542731e-05,0.009049930577187048,0.0018403203289503968,1.721622391496517e-05,0.00888637718596235,0.0015214627270522035
Maassluis,Zuid-Holland,32786,8.48,3836.0,28600.0,51.9266671,4.24400065715733,1.3,3.965107057890563e-05,0.15330188679245282,0.00033624107850911976,25220.0,14254,1,3.0440756654428055e-05,0.07143909940827131,0.0006882066354724089,2.041897661087393e-05,0.043632581678239454,0.0003806281459146849
Maastricht,Limburg,121623,55.99,2192.0,26800.0,50.8579855,5.69698811694244,3.1,2.5488600018088685e-05,0.055367029826754774,0.0014271067150127856,39233.22580645161,29664,7,0.00010977323523697737,0.07603103977158712,0.004730246323375737,5.9698739733946024e-05,0.03789049401910738,0.0030897049645269518
Medemblik,Noord-Holland,44833,121.42,366.0,29500.0,52.768691000000004,5.106195,0.1,2.2304998550175095e-06,0.000823587547356284,0.000270827292396226,448330.0,40757,4,3.39586659765619e-05,0.01705138471271403,0.002350964697774102,2.7087480259710103e-05,0.01809930930053315,0.002074040538459369
Meerssen,Limburg,18923,26.96,706.0,31700.0,50.8850867,5.7529708,3.1,0.00016382180415367543,0.11498516320474778,0.0044166358399830895,6104.193548387097,4615,7,0.00010977323523697737,0.07603103977158712,0.004730246323375737,5.9698739733946024e-05,0.03789049401910738,0.0030897049645269518
Meierijstad,Noord-Brabant,80823,184.09,435.0,31700.0,51.58844725,5.51639010470067,0.9,1.1135444118629599e-05,0.004888913031669292,0.002049923907798523,89803.33333333333,42538,2,2.150591976542731e-05,0.009049930577187048,0.0018403203289503968,1.721622391496517e-05,0.00888637718596235,0.0015214627270522035
Meppel,Drenthe,33573,55.53,602.0,27800.0,52.71174435,6.197307325163719,0.8,2.3828671849402795e-05,0.014406627048442283,0.0013232061477973373,41966.25,18651,0,1.1382810388708286e-05,0.0037663469914448566,0.002251506319830709,9.507703010641844e-06,0.005431216973948226,0.0020741386639016608
Middelburg,Zeeland,48548,48.42,998.0,28600.0,51.50529485,3.61007100494229,1.3,2.6777622147153332e-05,0.026848409748038,0.0012965724643651643,37344.61538461538,21107,4,3.39586659765619e-05,0.01705138471271403,0.002350964697774102,2.7087480259710103e-05,0.01809930930053315,0.002074040538459369
Midden-Delfland,Zuid-Holland,19401,47.19,410.0,35500.0,51.97058165,4.32298095130087,3.4,0.00017524869852069482,0.07204916295825387,0.008269986083191587,5706.176470588235,4409,3,0.0002630518942516105,0.16837823415237024,0.006811689234400736,6.809743530881317e-05,0.07247212850785036,0.0027467097958134594
Mill en Sint Hubert,Noord-Brabant,10889,52.23,207.0,29800.0,51.67911945,5.78699327214527,0.6,5.510147855634126e-05,0.011487650775416428,0.002877950224997704,18148.333333333336,6805,2,2.150591976542731e-05,0.009049930577187048,0.0018403203289503968,1.721622391496517e-05,0.00888637718596235,0.0015214627270522035
Moerdijk,Noord-Brabant,36963,159.15,232.0,30000.0,51.7033761,4.6259107,0.3,8.116224332440548e-06,0.001885014137606032,0.0012916971025079133,123210.0,28433,4,3.39586659765619e-05,0.01705138471271403,0.002350964697774102,2.7087480259710103e-05,0.01809930930053315,0.002074040538459369
Montferland,Gelderland,36028,105.7,337.0,28300.0,51.92400575,6.205514601615221,1.2,3.330742755634506e-05,0.011352885525070956,0.003520595092705673,30023.333333333336,16376,2,2.150591976542731e-05,0.009049930577187048,0.0018403203289503968,1.721622391496517e-05,0.00888637718596235,0.0015214627270522035
Montfoort,Utrecht (provincie),13996,37.57,369.0,33200.0,52.0387833,4.9560876846350705,1.3,9.288368105172906e-05,0.03460207612456748,0.003489639897113461,10766.153846153846,6085,4,3.39586659765619e-05,0.01705138471271403,0.002350964697774102,2.7087480259710103e-05,0.01809930930053315,0.002074040538459369
Mook en Middelaar,Limburg,7808,17.38,447.0,34300.0,51.74830635,5.90640637336831,1.3,0.00016649590163934428,0.07479861910241657,0.0028936987704918033,6006.153846153846,3394,7,0.00010977323523697737,0.07603103977158712,0.004730246323375737,5.9698739733946024e-05,0.03789049401910738,0.0030897049645269518
Neder-Betuwe,Gelderland,24039,59.98,394.0,29000.0,51.92150995,5.616123265710501,0.3,1.2479720454261825e-05,0.00500166722240747,0.0007485336328466242,80130.0,18491,2,2.150591976542731e-05,0.009049930577187048,0.0018403203289503968,1.721622391496517e-05,0.00888637718596235,0.0015214627270522035
Nederweert,Limburg,17005,99.98,170.0,29600.0,51.28564179999999,5.749603700000001,0.4,2.3522493384298738e-05,0.004000800160032006,0.002351778888562188,42512.5,12146,2,2.150591976542731e-05,0.009049930577187048,0.0018403203289503968,1.721622391496517e-05,0.00888637718596235,0.0015214627270522035
Nieuwegein,Utrecht (provincie),63055,23.51,2656.0,29200.0,52.0298704,5.09293340872922,5.0,7.929585282689715e-05,0.21267545725223308,0.001864245499960352,12611.0,10509,6,0.00011342668916943451,0.317186548625726,0.0014743329325001273,3.96718930066559e-05,0.1181329667066823,0.0005648140998616572
Nieuwkoop,Zuid-Holland,28637,78.05,362.0,33400.0,52.1405891,4.7866964979,1.3,4.5395816600900935e-05,0.016655989750160156,0.003543143485700318,22028.46153846154,12450,4,3.39586659765619e-05,0.01705138471271403,0.002350964697774102,2.7087480259710103e-05,0.01809930930053315,0.002074040538459369
Nijkerk,Gelderland,42947,69.34,610.0,31500.0,52.2220116,5.4823124000000005,1.4,3.259831885812746e-05,0.02019036631093164,0.002260367429622558,30676.428571428572,17894,2,2.150591976542731e-05,0.009049930577187048,0.0018403203289503968,1.721622391496517e-05,0.00888637718596235,0.0015214627270522035
Nijmegen,Gelderland,176707,53.06,3316.0,27100.0,51.84257485,5.8389606287482305,4.3,2.433406712807076e-05,0.0810403316999623,0.0012911656018154344,41094.6511627907,33340,7,0.00010977323523697737,0.07603103977158712,0.004730246323375737,5.9698739733946024e-05,0.03789049401910738,0.0030897049645269518
Nissewaard,Zuid-Holland,84797,73.58,1150.0,28800.0,51.82787345,4.3052843059240296,0.9,1.0613583027701452e-05,0.012231584669747214,0.0007809474391782728,94218.88888888889,44630,4,3.39586659765619e-05,0.01705138471271403,0.002350964697774102,2.7087480259710103e-05,0.01809930930053315,0.002074040538459369
Noord-Beveland,Zeeland,7309,85.96,85.0,29100.0,51.56520675,3.80090957337831,0.4,5.4727048843891096e-05,0.004653327128897162,0.004704337118620878,18272.5,5220,4,3.39586659765619e-05,0.01705138471271403,0.002350964697774102,2.7087480259710103e-05,0.01809930930053315,0.002074040538459369
Noordenveld,Drenthe,31270,199.41,162.0,29600.0,53.09537460000001,6.42084429673467,0.3,9.593859929645027e-06,0.0015044380923724988,0.0019131116085705148,104233.33333333334,24053,0,1.1382810388708286e-05,0.0037663469914448566,0.002251506319830709,9.507703010641844e-06,0.005431216973948226,0.0020741386639016608
Noordoostpolder,Flevoland,46863,459.81,101.0,28200.0,52.72644150000001,5.70360560454972,0.5,1.0669398032563002e-05,0.0010874056675583394,0.004905895909352794,93726.0,31242,0,1.1382810388708286e-05,0.0037663469914448566,0.002251506319830709,9.507703010641844e-06,0.005431216973948226,0.0020741386639016608
Noordwijk,Zuid-Holland,42861,35.78,728.0,34800.0,52.2698999,4.452685881751611,0.5,1.1665616761158163e-05,0.01397428731134712,0.00041739576771423906,85722.0,28574,4,3.39586659765619e-05,0.01705138471271403,0.002350964697774102,2.7087480259710103e-05,0.01809930930053315,0.002074040538459369
Nuenen. Gerwen en Nederwetten,Noord-Brabant,23198,33.71,683.0,34400.0,51.48603,5.54400698882424,5.0,0.0002155358220536253,0.14832393948383268,0.007265712561427709,4639.6,3866,3,0.0002630518942516105,0.16837823415237024,0.006811689234400736,6.809743530881317e-05,0.07247212850785036,0.0027467097958134594
Nunspeet,Gelderland,27485,128.74,211.0,29600.0,52.37852,5.78078,0.2,7.2766963798435515e-06,0.0015535187199005747,0.0009368018919410589,137425.0,22904,2,2.150591976542731e-05,0.009049930577187048,0.0018403203289503968,1.721622391496517e-05,0.00888637718596235,0.0015214627270522035
Oegstgeest,Zuid-Holland,24432,7.31,3269.0,39100.0,52.1833669,4.4721294339186395,2.0,8.185985592665357e-05,0.27359781121751026,0.0005983955468238376,12216.0,8144,6,0.00011342668916943451,0.317186548625726,0.0014743329325001273,3.96718930066559e-05,0.1181329667066823,0.0005648140998616572
Oirschot,Noord-Brabant,18627,101.78,182.0,32700.000000000004,51.5032385,5.3155486,0.5,2.684275514038761e-05,0.0049125564943996855,0.002732055618188651,37254.0,12418,2,2.150591976542731e-05,0.009049930577187048,0.0018403203289503968,1.721622391496517e-05,0.00888637718596235,0.0015214627270522035
Oisterwijk,Noord-Brabant,26128,63.84,409.0,34300.0,51.577874200000004,5.193810099999999,3.7,0.00014161053276178813,0.05795739348370927,0.009040416411512554,7061.621621621622,5559,7,0.00010977323523697737,0.07603103977158712,0.004730246323375737,5.9698739733946024e-05,0.03789049401910738,0.0030897049645269518
Oldambt,Groningen (provincie),38121,226.66,168.0,25000.0,53.22234079999999,7.06898239206217,0.1,2.623226043388159e-06,0.0004411894467484338,0.0005945804149943601,381210.0,34655,0,1.1382810388708286e-05,0.0037663469914448566,0.002251506319830709,9.507703010641844e-06,0.005431216973948226,0.0020741386639016608
Oldebroek,Gelderland,23594,97.65,241.0,27800.0,52.4456068,5.899031900000001,0.2,8.47673137238281e-06,0.002048131080389145,0.0008277528185131815,117970.0,19661,2,2.150591976542731e-05,0.009049930577187048,0.0018403203289503968,1.721622391496517e-05,0.00888637718596235,0.0015214627270522035
Oldenzaal,Overijssel,31855,21.55,1481.0,28100.0,52.30853685,6.914603743122241,2.7,8.475906451106577e-05,0.12529002320185614,0.0018265578402134673,11798.148148148148,8609,7,0.00010977323523697737,0.07603103977158712,0.004730246323375737,5.9698739733946024e-05,0.03789049401910738,0.0030897049645269518
Oost Gelre,Gelderland,29700,109.93,270.0,29600.0,52.015303100000004,6.56101032746153,0.1,3.367003367003367e-06,0.0009096697898662785,0.0003701346801346802,297000.0,26999,2,2.150591976542731e-05,0.009049930577187048,0.0018403203289503968,1.721622391496517e-05,0.00888637718596235,0.0015214627270522035
Oosterhout,Noord-Brabant,55610,71.47,772.0,29700.0,51.64447245,4.85136556866659,4.1,7.372774680812803e-05,0.05736672729816706,0.00526932206437691,13563.414634146342,10903,7,0.00010977323523697737,0.07603103977158712,0.004730246323375737,5.9698739733946024e-05,0.03789049401910738,0.0030897049645269518
Ooststellingwerf,Friesland,25498,223.42,114.0,27000.0,52.99085895,6.304963752820769,0.1,3.921876225586321e-06,0.00044758750335690634,0.0008762255863204957,254980.0,23179,0,1.1382810388708286e-05,0.0037663469914448566,0.002251506319830709,9.507703010641844e-06,0.005431216973948226,0.0020741386639016608
Oostzaan,Noord-Holland,9755,11.53,845.0,32600.0,52.45218065,4.868548732505019,3.2,0.00032803690415171707,0.27753686036426717,0.0037822655048692978,3048.4375,2322,3,0.0002630518942516105,0.16837823415237024,0.006811689234400736,6.809743530881317e-05,0.07247212850785036,0.0027467097958134594
Opmeer,Noord-Holland,11779,41.5,278.0,30400.0,52.70438175,4.92856803713141,1.0,8.489685032685287e-05,0.024096385542168676,0.003523219288564394,11779.0,5889,4,3.39586659765619e-05,0.01705138471271403,0.002350964697774102,2.7087480259710103e-05,0.01809930930053315,0.002074040538459369
Opsterland,Friesland,29715,224.4,133.0,28500.0,53.04680105,6.09513572382903,0.9,3.028773346794548e-05,0.004010695187165776,0.0067965673902069665,33016.666666666664,15639,0,1.1382810388708286e-05,0.0037663469914448566,0.002251506319830709,9.507703010641844e-06,0.005431216973948226,0.0020741386639016608
Oss,Noord-Brabant,91437,163.16,557.0,29100.0,51.7649771,5.51138220829049,0.2,2.1872983584325822e-06,0.001225790634959549,0.0003568796001618601,457185.0,76197,2,2.150591976542731e-05,0.009049930577187048,0.0018403203289503968,1.721622391496517e-05,0.00888637718596235,0.0015214627270522035
Oude IJsselstreek,Gelderland,39462,136.15,290.0,27500.0,51.90269995,6.391753305385441,0.2,5.068166844052506e-06,0.0014689680499449136,0.0006900309158177488,197310.0,32885,2,2.150591976542731e-05,0.009049930577187048,0.0018403203289503968,1.721622391496517e-05,0.00888637718596235,0.0015214627270522035
Ouder-Amstel,Noord-Holland,13915,24.08,561.0,36400.0,52.2946678,4.91646890749465,3.5,0.0002515271289974847,0.14534883720930233,0.006056773266259432,3975.714285714286,3092,3,0.0002630518942516105,0.16837823415237024,0.006811689234400736,6.809743530881317e-05,0.07247212850785036,0.0027467097958134594
Oudewater,Utrecht (provincie),10199,38.9,262.0,33500.0,52.02015625,4.89655977520417,0.6,5.882929698990097e-05,0.015424164524421594,0.0022884596529071477,16998.333333333336,6374,4,3.39586659765619e-05,0.01705138471271403,0.002350964697774102,2.7087480259710103e-05,0.01809930930053315,0.002074040538459369
Overbetuwe,Gelderland,47532,109.19,435.0,30500.0,51.92196125,5.786081549088321,3.0,6.311537490532694e-05,0.027475043502152213,0.006891567785912648,15844.0,11883,7,0.00010977323523697737,0.07603103977158712,0.004730246323375737,5.9698739733946024e-05,0.03789049401910738,0.0030897049645269518
Papendrecht,Zuid-Holland,32293,9.41,3427.0,30300.0,51.83482915,4.7047943772019405,1.2,3.7159755984269035e-05,0.12752391073326247,0.0003496733038119716,26910.833333333336,14678,1,3.0440756654428055e-05,0.07143909940827131,0.0006882066354724089,2.041897661087393e-05,0.043632581678239454,0.0003806281459146849
Peel en Maas,Limburg,43311,159.37,272.0,29900.0,51.33064175,5.9793637057733395,0.3,6.926646810279144e-06,0.001882411997239129,0.0011038997021541872,144370.0,33316,2,2.150591976542731e-05,0.009049930577187048,0.0018403203289503968,1.721622391496517e-05,0.00888637718596235,0.0015214627270522035
Pekela,Groningen (provincie),12207,49.04,250.0,24500.0,53.06707829999999,6.96598796002487,0.4,3.276808388629475e-05,0.008156606851549756,0.0016069468337838945,30517.5,8719,0,1.1382810388708286e-05,0.0037663469914448566,0.002251506319830709,9.507703010641844e-06,0.005431216973948226,0.0020741386639016608
Pijnacker-Nootdorp,Zuid-Holland,54321,37.08,1446.0,34300.0,52.011135700000004,4.42684813807231,0.7,1.2886360707645293e-05,0.018878101402373247,0.00047782625503948746,77601.42857142858,31953,4,3.39586659765619e-05,0.01705138471271403,0.002350964697774102,2.7087480259710103e-05,0.01809930930053315,0.002074040538459369
Purmerend,Noord-Holland,80147,23.15,3454.0,28600.0,52.4997208,4.96442003688997,0.9,1.122936603990168e-05,0.0388768898488121,0.0002599598238237239,89052.22222222222,42182,1,3.0440756654428055e-05,0.07143909940827131,0.0006882066354724089,2.041897661087393e-05,0.043632581678239454,0.0003806281459146849
Putten,Gelderland,24200,85.22,285.0,31200.0,52.2608751,5.6100469,0.4,1.652892561983471e-05,0.004693733865289838,0.0014085950413223142,60500.0,17285,2,2.150591976542731e-05,0.009049930577187048,0.0018403203289503968,1.721622391496517e-05,0.00888637718596235,0.0015214627270522035
Renkum,Gelderland,31304,45.95,682.0,31900.0,51.9751739,5.7334804,2.2,7.027855865065168e-05,0.04787812840043525,0.003229299769997445,14229.090909090908,9782,7,0.00010977323523697737,0.07603103977158712,0.004730246323375737,5.9698739733946024e-05,0.03789049401910738,0.0030897049645269518
Rheden,Gelderland,43686,81.74,532.0,28600.0,52.004383600000004,6.030280599999999,2.7,6.180469715698394e-05,0.033031563494005385,0.005051915945611866,16179.999999999998,11807,7,0.00010977323523697737,0.07603103977158712,0.004730246323375737,5.9698739733946024e-05,0.03789049401910738,0.0030897049645269518
Rhenen,Utrecht (provincie),20012,42.08,471.0,30300.0,51.980847600000004,5.574562366830991,2.0,9.994003597841295e-05,0.047528517110266164,0.004205476713971617,10006.0,6670,7,0.00010977323523697737,0.07603103977158712,0.004730246323375737,5.9698739733946024e-05,0.03789049401910738,0.0030897049645269518
Ridderkerk,Zuid-Holland,46255,23.72,1931.0,28800.0,51.87099129999999,4.5926478974853495,2.0,4.323856880337261e-05,0.08431703204047218,0.0010256188520159982,23127.5,15418,1,3.0440756654428055e-05,0.07143909940827131,0.0006882066354724089,2.041897661087393e-05,0.043632581678239454,0.0003806281459146849
Rijssen-Holten,Overijssel,38296,94.13,405.0,29300.0,52.28432485,6.440777380657179,0.4,1.0444955086693129e-05,0.004249442260703283,0.0009831836223104242,95740.0,27354,2,2.150591976542731e-05,0.009049930577187048,0.0018403203289503968,1.721622391496517e-05,0.00888637718596235,0.0015214627270522035
Rijswijk,Zuid-Holland,53486,13.96,3740.0,29200.0,52.03739335,4.32250283752741,5.0,9.34824066110758e-05,0.3581661891117478,0.0013050143962906181,10697.2,8914,6,0.00011342668916943451,0.317186548625726,0.0014743329325001273,3.96718930066559e-05,0.1181329667066823,0.0005648140998616572
Roerdalen,Limburg,20616,88.21,235.0,29000.0,51.145467700000005,6.03439237329791,0.7,3.3954210322079936e-05,0.007935608207686204,0.002995100892510671,29451.428571428572,12127,2,2.150591976542731e-05,0.009049930577187048,0.0018403203289503968,1.721622391496517e-05,0.00888637718596235,0.0015214627270522035
Roermond,Limburg,58194,60.81,950.0,27200.0,51.1927811,6.00395278289544,0.7,1.2028731484345464e-05,0.011511264594639038,0.0007314671615630477,83134.28571428572,34231,2,2.150591976542731e-05,0.009049930577187048,0.0018403203289503968,1.721622391496517e-05,0.00888637718596235,0.0015214627270522035
Roosendaal,Noord-Brabant,77072,106.5,723.0,28300.0,51.530458700000004,4.46449384552466,0.5,6.487440315549097e-06,0.004694835680751174,0.0006909123936059789,154144.0,51381,4,3.39586659765619e-05,0.01705138471271403,0.002350964697774102,2.7087480259710103e-05,0.01809930930053315,0.002074040538459369
Rotterdam,Zuid-Holland,644527,217.57,2936.0,26200.0,51.9228934,4.463178599999999,1.8,2.7927456879230815e-06,0.008273199430068484,0.0006076176793214248,358070.55555555556,230188,5,7.839117564691203e-06,0.03719749425023043,0.0008868277607354155,5.007061033517467e-06,0.024206055537566294,0.0003112290722426245
Rucphen,Noord-Brabant,22585,64.41,348.0,28500.0,51.532842200000005,4.5597188,1.0,4.4277175116227586e-05,0.01552553951249806,0.0028518928492362186,22585.0,11292,4,3.39586659765619e-05,0.01705138471271403,0.002350964697774102,2.7087480259710103e-05,0.01809930930053315,0.002074040538459369
Schagen,Noord-Holland,46563,168.25,276.0,30000.0,51.222716,6.2545389,0.1,2.1476279449348196e-06,0.0005943536404160476,0.0003613384017352834,465630.0,42330,2,2.150591976542731e-05,0.009049930577187048,0.0018403203289503968,1.721622391496517e-05,0.00888637718596235,0.0015214627270522035
Scherpenzeel,Gelderland,9874,13.79,707.0,30200.0,52.09036885,5.50720244576025,0.5,5.0638039295118495e-05,0.03625815808556926,0.000698298561879684,19748.0,6582,2,2.150591976542731e-05,0.009049930577187048,0.0018403203289503968,1.721622391496517e-05,0.00888637718596235,0.0015214627270522035
Schiedam,Zuid-Holland,78094,17.82,4371.0,26400.0,51.9300454,4.3864510526157305,1.7,2.1768637795477245e-05,0.09539842873176206,0.0003879171255154045,45937.64705882353,28923,1,3.0440756654428055e-05,0.07143909940827131,0.0006882066354724089,2.041897661087393e-05,0.043632581678239454,0.0003806281459146849
Schouwen-Duiveland,Zeeland,33789,229.65,147.0,30600.0,51.6874353,3.87663408803365,0.2,5.919086093107224e-06,0.0008708904855214457,0.001359318121282074,168945.0,28157,4,3.39586659765619e-05,0.01705138471271403,0.002350964697774102,2.7087480259710103e-05,0.01809930930053315,0.002074040538459369
Simpelveld,Limburg,10505,16.03,659.0,28000.0,50.83554960000001,5.9827262,2.4,0.00022846263683960017,0.14971927635683094,0.003662256068538791,4377.083333333334,3089,7,0.00010977323523697737,0.07603103977158712,0.004730246323375737,5.9698739733946024e-05,0.03789049401910738,0.0030897049645269518
Sint Anthonis,Noord-Brabant,11612,99.27,117.0,31900.0,51.626921,5.8816763,0.2,1.722356183258698e-05,0.002014707363755415,0.0017097829831209093,58060.0,9676,2,2.150591976542731e-05,0.009049930577187048,0.0018403203289503968,1.721622391496517e-05,0.00888637718596235,0.0015214627270522035
Sint-Michielsgestel,Noord-Brabant,28982,58.38,491.0,33000.0,51.6391001,5.3515392,2.6,8.971085501345664e-05,0.044535799931483384,0.005237319715685598,11146.923076923076,8050,7,0.00010977323523697737,0.07603103977158712,0.004730246323375737,5.9698739733946024e-05,0.03789049401910738,0.0030897049645269518
Sittard-Geleen,Limburg,92627,79.01,1177.0,27500.0,51.00940429999999,5.8376057867168,2.3,2.4830772884796007e-05,0.02911023921022655,0.0019618793656277327,40272.608695652176,28068,7,0.00010977323523697737,0.07603103977158712,0.004730246323375737,5.9698739733946024e-05,0.03789049401910738,0.0030897049645269518
Sliedrecht,Zuid-Holland,25018,12.84,1949.0,27900.0,51.8308564,4.769843031183671,1.1,4.3968342793188905e-05,0.08566978193146418,0.0005645535214645456,22743.63636363636,11913,1,3.0440756654428055e-05,0.07143909940827131,0.0006882066354724089,2.041897661087393e-05,0.043632581678239454,0.0003806281459146849
Sluis,Zeeland,23391,279.36,84.0,28400.0,51.3097693,3.3848220999999996,0.8,3.4201188491300076e-05,0.00286368843069874,0.00955444401692959,29238.75,12995,4,3.39586659765619e-05,0.01705138471271403,0.002350964697774102,2.7087480259710103e-05,0.01809930930053315,0.002074040538459369
Smallingerland,Friesland,55939,117.31,476.0,26500.0,53.11525265,6.050738915587701,0.9,1.6088954039221294e-05,0.007671980223339868,0.00188739519834105,62154.444444444445,29441,0,1.1382810388708286e-05,0.0037663469914448566,0.002251506319830709,9.507703010641844e-06,0.005431216973948226,0.0020741386639016608
Someren,Noord-Brabant,19321,80.27,238.0,30500.0,51.3858887,5.7133677,0.2,1.035143108534755e-05,0.0024915908807773765,0.0008309093732208478,96605.0,16100,2,2.150591976542731e-05,0.009049930577187048,0.0018403203289503968,1.721622391496517e-05,0.00888637718596235,0.0015214627270522035
Son en Breugel,Noord-Brabant,16911,25.95,646.0,34200.0,51.517812799999994,5.49143470757426,4.9,0.0002897522322748507,0.18882466281310215,0.007519070427532376,3451.224489795918,2866,3,0.0002630518942516105,0.16837823415237024,0.006811689234400736,6.809743530881317e-05,0.07247212850785036,0.0027467097958134594
Stadskanaal,Groningen (provincie),31801,117.64,274.0,25100.0,52.992561800000004,6.9624466,0.4,1.2578220810666332e-05,0.0034002040122407345,0.0014797018961667874,79502.5,22715,0,1.1382810388708286e-05,0.0037663469914448566,0.002251506319830709,9.507703010641844e-06,0.005431216973948226,0.0020741386639016608
Staphorst,Overijssel,17005,133.99,125.0,29500.0,52.6473009,6.2072973,0.8,4.7044986768597475e-05,0.005970594820508993,0.0063035577771243766,21256.25,9447,2,2.150591976542731e-05,0.009049930577187048,0.0018403203289503968,1.721622391496517e-05,0.00888637718596235,0.0015214627270522035
Stede Broec,Noord-Holland,21702,14.5,1494.0,28300.0,52.697291899999996,5.22599031191976,0.6,2.7647221454243847e-05,0.041379310344827586,0.0004008847110865358,36170.0,13563,1,3.0440756654428055e-05,0.07143909940827131,0.0006882066354724089,2.041897661087393e-05,0.043632581678239454,0.0003806281459146849
Steenwijkerland,Overijssel,43931,288.27,152.0,27700.0,52.7478796,6.023203149701179,0.4,9.105187680681069e-06,0.0013875880251153433,0.0026247524527099313,109827.5,31379,0,1.1382810388708286e-05,0.0037663469914448566,0.002251506319830709,9.507703010641844e-06,0.005431216973948226,0.0020741386639016608
Stichtse Vecht,Utrecht (provincie),64372,96.1,671.0,34300.0,52.20301145,4.99483765045446,0.3,4.660411358975952e-06,0.003121748178980229,0.000447865531597589,214573.33333333334,49516,4,3.39586659765619e-05,0.01705138471271403,0.002350964697774102,2.7087480259710103e-05,0.01809930930053315,0.002074040538459369
Sdwest-Frysln,Friesland,89705,522.26,172.0,27500.0,52.97483265,5.4360738924679195,0.1,1.1147650632629174e-06,0.00019147551028223493,0.0005821972019396912,897050.0,81550,0,1.1382810388708286e-05,0.0037663469914448566,0.002251506319830709,9.507703010641844e-06,0.005431216973948226,0.0020741386639016608
Terneuzen,Zeeland,54579,250.38,217.0,27900.0,51.3254737,3.8403111000000005,0.5,9.161032631598233e-06,0.0019969646137870437,0.0022937393502995658,109158.0,36386,4,3.39586659765619e-05,0.01705138471271403,0.002350964697774102,2.7087480259710103e-05,0.01809930930053315,0.002074040538459369
Texel,Noord-Holland,13551,162.0,84.0,29500.0,53.0775961,4.90573113717644,0.2,1.4759058372075862e-05,0.0012345679012345679,0.0023909674562762897,67755.0,11292,4,3.39586659765619e-05,0.01705138471271403,0.002350964697774102,2.7087480259710103e-05,0.01809930930053315,0.002074040538459369
Teylingen,Zuid-Holland,37061,28.38,1289.0,34900.0,52.2174139,4.51138444863757,1.8,4.856857613124309e-05,0.06342494714587739,0.001378376190604679,20589.444444444445,13236,4,3.39586659765619e-05,0.01705138471271403,0.002350964697774102,2.7087480259710103e-05,0.01809930930053315,0.002074040538459369
Tholen,Zeeland,25794,146.71,174.0,28200.0,51.5354462,4.223281299999999,0.9,3.4891835310537335e-05,0.006134551155340467,0.0051189811584089326,28660.0,13575,4,3.39586659765619e-05,0.01705138471271403,0.002350964697774102,2.7087480259710103e-05,0.01809930930053315,0.002074040538459369
Tiel,Gelderland,41995,32.88,1261.0,27700.0,51.89242535,5.4304381741379295,0.3,7.143707584236218e-06,0.009124087591240875,0.00023488510536968688,139983.33333333334,32303,2,2.150591976542731e-05,0.009049930577187048,0.0018403203289503968,1.721622391496517e-05,0.00888637718596235,0.0015214627270522035
Tietjerksteradeel,Friesland,31764,148.86,214.0,28200.0,53.20512135,5.97344714650753,0.2,6.296436217101121e-06,0.0013435442697836894,0.000937287495277673,158820.0,26470,0,1.1382810388708286e-05,0.0037663469914448566,0.002251506319830709,9.507703010641844e-06,0.005431216973948226,0.0020741386639016608
Tilburg,Noord-Brabant,217342,116.17,1855.0,27000.0,51.57370915,5.0439311164372995,3.5,1.6103652308343532e-05,0.030128260308169064,0.001870761288660268,62097.71428571428,48298,7,0.00010977323523697737,0.07603103977158712,0.004730246323375737,5.9698739733946024e-05,0.03789049401910738,0.0030897049645269518
Tubbergen,Overijssel,21275,147.0,144.0,30600.0,52.408108399999996,6.781869400000001,0.6,2.8202115158636897e-05,0.004081632653061224,0.004145710928319624,35458.333333333336,13296,2,2.150591976542731e-05,0.009049930577187048,0.0018403203289503968,1.721622391496517e-05,0.00888637718596235,0.0015214627270522035
Twenterand,Overijssel,33785,106.17,319.0,27000.0,52.43930400000001,6.635427575044661,0.6,1.775936066301613e-05,0.005651313930488839,0.0018855113215924225,56308.333333333336,21115,2,2.150591976542731e-05,0.009049930577187048,0.0018403203289503968,1.721622391496517e-05,0.00888637718596235,0.0015214627270522035
Tynaarlo,Drenthe,33695,143.0,234.0,32200.000000000004,53.0790514,6.6199304,0.4,1.1871197507048524e-05,0.002797202797202797,0.001697581243507939,84237.5,24067,0,1.1382810388708286e-05,0.0037663469914448566,0.002251506319830709,9.507703010641844e-06,0.005431216973948226,0.0020741386639016608
Uden,Noord-Brabant,41770,67.0,623.0,29500.0,51.6590888,5.614860500000001,1.3,3.112281541776395e-05,0.019402985074626865,0.0020852286329901847,32130.76923076923,18160,2,2.150591976542731e-05,0.009049930577187048,0.0018403203289503968,1.721622391496517e-05,0.00888637718596235,0.0015214627270522035
Uitgeest,Noord-Holland,13536,19.16,705.0,32400.0,52.52329395,4.73746699027213,1.2,8.865248226950354e-05,0.06263048016701461,0.0016985815602836877,11280.0,6152,4,3.39586659765619e-05,0.01705138471271403,0.002350964697774102,2.7087480259710103e-05,0.01809930930053315,0.002074040538459369
Uithoorn,Noord-Holland,29450,18.14,1623.0,31400.0,52.24400285,4.828160506359509,1.2,4.0747028862478774e-05,0.0661521499448732,0.000739151103565365,24541.666666666668,13386,1,3.0440756654428055e-05,0.07143909940827131,0.0006882066354724089,2.041897661087393e-05,0.043632581678239454,0.0003806281459146849
Utrecht (gemeente),Utrecht (provincie),352795,93.83,3703.0,30000.0,52.0671066,5.0940706,5.0,1.417253645885004e-05,0.05328786102525845,0.0013298090959338992,70559.0,58799,5,7.839117564691203e-06,0.03719749425023043,0.0008868277607354155,5.007061033517467e-06,0.024206055537566294,0.0003112290722426245
Utrechtse Heuvelrug,Utrecht (provincie),49526,132.01,374.0,35800.0,52.02865365,5.394884282941399,0.4,8.076565844203045e-06,0.0030300734792818728,0.0010661874570932438,123815.0,35375,4,3.39586659765619e-05,0.01705138471271403,0.002350964697774102,2.7087480259710103e-05,0.01809930930053315,0.002074040538459369
Vaals,Limburg,10094,23.89,413.0,25700.0,50.7710157,6.019049,2.3,0.00022785813354467998,0.09627459187944745,0.005443530810382405,4388.695652173913,3058,7,0.00010977323523697737,0.07603103977158712,0.004730246323375737,5.9698739733946024e-05,0.03789049401910738,0.0030897049645269518
Valkenburg aan de Geul,Limburg,16475,36.73,447.0,28900.0,50.86094405,5.813710004178519,1.9,0.00011532625189681334,0.05172883201742445,0.004235933232169954,8671.052631578948,5681,7,0.00010977323523697737,0.07603103977158712,0.004730246323375737,5.9698739733946024e-05,0.03789049401910738,0.0030897049645269518
Valkenswaard,Noord-Brabant,30892,54.92,558.0,29500.0,51.350688,5.4594497,2.4,7.769001683283697e-05,0.043699927166788055,0.004266735724459406,12871.666666666668,9085,7,0.00010977323523697737,0.07603103977158712,0.004730246323375737,5.9698739733946024e-05,0.03789049401910738,0.0030897049645269518
Veendam,Groningen (provincie),27474,76.0,362.0,26000.0,53.102844299999994,6.8694863,0.2,7.279609812914028e-06,0.002631578947368421,0.0005532503457814661,137370.0,22895,0,1.1382810388708286e-05,0.0037663469914448566,0.002251506319830709,9.507703010641844e-06,0.005431216973948226,0.0020741386639016608
Veenendaal,Utrecht (provincie),65599,19.46,3336.0,28800.0,52.02320415,5.55180028316229,2.0,3.048826963825668e-05,0.10277492291880781,0.000593301727160475,32799.5,21866,1,3.0440756654428055e-05,0.07143909940827131,0.0006882066354724089,2.041897661087393e-05,0.043632581678239454,0.0003806281459146849
Veere,Zeeland,21839,132.56,165.0,31900.0,51.54751629999999,3.6660882000000004,0.6,2.7473785429735793e-05,0.004526252263126132,0.003641924996565777,36398.333333333336,13649,4,3.39586659765619e-05,0.01705138471271403,0.002350964697774102,2.7087480259710103e-05,0.01809930930053315,0.002074040538459369
Veldhoven,Noord-Brabant,45358,31.69,1418.0,31700.0,51.40770635,5.392731058176401,5.0,0.00011023413730764143,0.1577784790154623,0.003493319811279157,9071.6,7559,7,0.00010977323523697737,0.07603103977158712,0.004730246323375737,5.9698739733946024e-05,0.03789049401910738,0.0030897049645269518
Velsen,Noord-Holland,68356,45.2,1501.0,29700.0,52.4519103,4.603891145874139,2.4,3.5110304874480656e-05,0.053097345132743355,0.0015869857803265258,28481.666666666668,20104,1,3.0440756654428055e-05,0.07143909940827131,0.0006882066354724089,2.041897661087393e-05,0.043632581678239454,0.0003806281459146849
Venlo,Limburg,101578,124.25,814.0,26800.0,51.3769197,6.149487967509179,0.7,6.891255980625726e-06,0.005633802816901408,0.0008562385555927464,145111.42857142858,59751,2,2.150591976542731e-05,0.009049930577187048,0.0018403203289503968,1.721622391496517e-05,0.00888637718596235,0.0015214627270522035
Venray,Limburg,43312,163.27,265.0,28900.0,51.536713899999995,5.9721181879782,0.5,1.1544144809752493e-05,0.0030624119556562747,0.0018848125230882897,86624.0,28874,2,2.150591976542731e-05,0.009049930577187048,0.0018403203289503968,1.721622391496517e-05,0.00888637718596235,0.0015214627270522035
Vlaardingen,Zuid-Holland,72455,23.57,3057.0,27000.0,51.9227863,4.3295633788708505,5.0,6.900835001035126e-05,0.21213406873143828,0.0016265268097439792,14491.0,12075,6,0.00011342668916943451,0.317186548625726,0.0014743329325001273,3.96718930066559e-05,0.1181329667066823,0.0005648140998616572
Voerendaal,Limburg,12452,31.51,393.0,31100.0,50.8804521,5.9269620000000005,2.5,0.00020077096048827498,0.07933989209774674,0.0063262929649855444,4980.8,3557,7,0.00010977323523697737,0.07603103977158712,0.004730246323375737,5.9698739733946024e-05,0.03789049401910738,0.0030897049645269518
Voorschoten,Zuid-Holland,25476,11.14,2284.0,35300.0,52.12572195,4.44101686458321,2.6,0.00010205683780813315,0.2333931777378815,0.0011369131731826033,9798.461538461539,7076,6,0.00011342668916943451,0.317186548625726,0.0014743329325001273,3.96718930066559e-05,0.1181329667066823,0.0005648140998616572
Voorst,Gelderland,24401,122.97,198.0,30800.0,52.1730487,6.1415761,1.2,4.9178312364247365e-05,0.009758477677482313,0.006047457071431499,20334.166666666668,11091,2,2.150591976542731e-05,0.009049930577187048,0.0018403203289503968,1.721622391496517e-05,0.00888637718596235,0.0015214627270522035
Vught,Noord-Brabant,26400,33.5,789.0,35900.0,51.656821,5.2893308,2.8,0.00010606060606060605,0.0835820895522388,0.0035530303030303027,9428.57142857143,6947,7,0.00010977323523697737,0.07603103977158712,0.004730246323375737,5.9698739733946024e-05,0.03789049401910738,0.0030897049645269518
Waalre,Noord-Brabant,17253,22.39,763.0,37300.0,51.387640399999995,5.4476871,5.0,0.000289804671651307,0.2233139794551139,0.006488726598272764,3450.6,2875,3,0.0002630518942516105,0.16837823415237024,0.006811689234400736,6.809743530881317e-05,0.07247212850785036,0.0027467097958134594
Waalwijk,Noord-Brabant,48256,64.58,739.0,28800.0,51.6852544,5.0705122000000005,0.2,4.144562334217507e-06,0.0030969340353050484,0.0002676558355437666,241280.0,40213,2,2.150591976542731e-05,0.009049930577187048,0.0018403203289503968,1.721622391496517e-05,0.00888637718596235,0.0015214627270522035
Waddinxveen,Zuid-Holland,28311,27.77,993.0,30700.0,52.044343700000006,4.64159612038075,2.1,7.417611529087634e-05,0.07562117392870005,0.002059870721627636,13481.42857142857,9132,4,3.39586659765619e-05,0.01705138471271403,0.002350964697774102,2.7087480259710103e-05,0.01809930930053315,0.002074040538459369
Wageningen,Gelderland,38781,30.42,1263.0,28800.0,51.9685817,5.66829806182796,1.9,4.899306361362523e-05,0.06245890861275476,0.0014903689951264794,20411.052631578947,13372,7,0.00010977323523697737,0.07603103977158712,0.004730246323375737,5.9698739733946024e-05,0.03789049401910738,0.0030897049645269518
Wassenaar,Zuid-Holland,26189,51.11,510.0,49100.0,52.14361135,4.37096681867845,5.0,0.00019091985184619496,0.09782821365681862,0.009757913627859025,5237.8,4364,3,0.0002630518942516105,0.16837823415237024,0.006811689234400736,6.809743530881317e-05,0.07247212850785036,0.0027467097958134594
Waterland,Noord-Holland,17306,52.11,331.0,34000.0,52.44350745,5.058109822038441,0.5,2.8891713856465966e-05,0.009595087315294569,0.0015055472090604414,34612.0,11537,4,3.39586659765619e-05,0.01705138471271403,0.002350964697774102,2.7087480259710103e-05,0.01809930930053315,0.002074040538459369
Weert,Limburg,49841,104.32,478.0,28700.0,51.253133399999996,5.708582700000001,0.4,8.025521157280151e-06,0.0038343558282208593,0.0008372223671274654,124602.5,35600,2,2.150591976542731e-05,0.009049930577187048,0.0018403203289503968,1.721622391496517e-05,0.00888637718596235,0.0015214627270522035
Weesp,Noord-Holland,19331,22.79,840.0,30600.0,52.30444305,5.05853435200663,3.5,0.00018105633438518441,0.153576129881527,0.004126273860638353,5523.142857142857,4295,7,0.00010977323523697737,0.07603103977158712,0.004730246323375737,5.9698739733946024e-05,0.03789049401910738,0.0030897049645269518
West Maas en Waal,Gelderland,19073,76.76,246.0,30100.0,51.8521914,5.498379747027481,0.4,2.0972054737062866e-05,0.005211047420531527,0.0016098149216169457,47682.5,13623,2,2.150591976542731e-05,0.009049930577187048,0.0018403203289503968,1.721622391496517e-05,0.00888637718596235,0.0015214627270522035
Westerveld,Drenthe,19345,278.35,69.0,30000.0,52.82845325,6.3111622615766105,0.2,1.033858878263117e-05,0.0007185198491108317,0.0028777461876453867,96725.0,16120,0,1.1382810388708286e-05,0.0037663469914448566,0.002251506319830709,9.507703010641844e-06,0.005431216973948226,0.0020741386639016608
Westervoort,Gelderland,14937,7.03,2136.0,27600.0,51.96159,5.9802599999999995,3.2,0.00021423311240543618,0.45519203413940257,0.0015060587802102163,4667.8125,3556,6,0.00011342668916943451,0.317186548625726,0.0014743329325001273,3.96718930066559e-05,0.1181329667066823,0.0005648140998616572
Westvoorne,Zuid-Holland,14628,53.18,273.0,37000.0,51.8882976,4.0599055903128205,0.2,1.367240907847963e-05,0.0037608123354644606,0.0007270987147935468,73140.0,12190,4,3.39586659765619e-05,0.01705138471271403,0.002350964697774102,2.7087480259710103e-05,0.01809930930053315,0.002074040538459369
Wierden,Overijssel,24345,94.63,256.0,31000.0,52.35195215,6.56744842056736,1.5,6.161429451632779e-05,0.01585120997569481,0.005830560690080098,16230.0,9738,2,2.150591976542731e-05,0.009049930577187048,0.0018403203289503968,1.721622391496517e-05,0.00888637718596235,0.0015214627270522035
Wijchen,Gelderland,40937,66.18,617.0,30100.0,51.8099983,5.7362233,3.7,9.038278330117009e-05,0.05590812934421275,0.005981532598871437,11064.054054054053,8710,7,0.00010977323523697737,0.07603103977158712,0.004730246323375737,5.9698739733946024e-05,0.03789049401910738,0.0030897049645269518
Wijdemeren,Noord-Holland,24018,47.6,497.0,36100.0,52.2256115,5.09036779115721,1.7,7.078024814722291e-05,0.03571428571428571,0.003369139811807811,14128.235294117647,8895,4,3.39586659765619e-05,0.01705138471271403,0.002350964697774102,2.7087480259710103e-05,0.01809930930053315,0.002074040538459369
Wijk bij Duurstede,Utrecht (provincie),23763,47.62,497.0,32300.0,51.97750739999999,5.32692972728341,0.3,1.2624668602449186e-05,0.00629987400251995,0.0006011867188486302,79210.0,18279,4,3.39586659765619e-05,0.01705138471271403,0.002350964697774102,2.7087480259710103e-05,0.01809930930053315,0.002074040538459369
Winterswijk,Gelderland,28907,138.14,210.0,27400.0,51.9746432,6.7224185,0.4,1.383747881136057e-05,0.002895613146083684,0.001911509323001349,72267.5,20647,2,2.150591976542731e-05,0.009049930577187048,0.0018403203289503968,1.721622391496517e-05,0.00888637718596235,0.0015214627270522035
Woensdrecht,Noord-Brabant,21861,91.66,238.0,29300.0,51.4297206,4.2975384000000005,0.8,3.659484927496455e-05,0.008727907484180668,0.0033542838845432507,27326.25,12145,4,3.39586659765619e-05,0.01705138471271403,0.002350964697774102,2.7087480259710103e-05,0.01809930930053315,0.002074040538459369
Woerden,Utrecht (provincie),52204,88.57,584.0,32800.0,52.08701595,4.876687198673499,0.4,7.662248103593595e-06,0.0045162018742237785,0.0006786453145352847,130510.0,37288,4,3.39586659765619e-05,0.01705138471271403,0.002350964697774102,2.7087480259710103e-05,0.01809930930053315,0.002074040538459369
Wormerland,Noord-Holland,16332,38.59,414.0,31600.0,52.50555225,4.85934288905351,2.3,0.00014082782267940238,0.059600932884166874,0.0054345456771981385,7100.869565217392,4949,7,0.00010977323523697737,0.07603103977158712,0.004730246323375737,5.9698739733946024e-05,0.03789049401910738,0.0030897049645269518
Woudenberg,Utrecht (provincie),13165,36.53,356.0,31900.0,52.08025955,5.41222657616449,2.4,0.00018230155715913407,0.0656994251300301,0.006659475883023167,5485.416666666667,3872,7,0.00010977323523697737,0.07603103977158712,0.004730246323375737,5.9698739733946024e-05,0.03789049401910738,0.0030897049645269518
Zaanstad,Noord-Holland,155799,73.87,2097.0,27800.0,52.468923499999995,4.77378352245171,2.1,1.3478905512872355e-05,0.02842832002165967,0.000995686750235881,74190.0,50257,1,3.0440756654428055e-05,0.07143909940827131,0.0006882066354724089,2.041897661087393e-05,0.043632581678239454,0.0003806281459146849
Zaltbommel,Gelderland,28441,79.38,353.0,30700.0,51.80498155,5.25456598621679,0.4,1.4064203087092578e-05,0.005039052658100278,0.0011164164410534087,71102.5,20315,2,2.150591976542731e-05,0.009049930577187048,0.0018403203289503968,1.721622391496517e-05,0.00888637718596235,0.0015214627270522035
Zandvoort,Noord-Holland,17004,32.12,528.0,30900.0,52.3595916,4.5325240299420395,2.6,0.00015290519877675843,0.08094645080946451,0.004911314984709481,6540.0,4723,7,0.00010977323523697737,0.07603103977158712,0.004730246323375737,5.9698739733946024e-05,0.03789049401910738,0.0030897049645269518
Zeewolde,Flevoland,22312,247.23,91.0,29700.0,52.33580305,5.5280178511441695,0.5,2.2409465758336323e-05,0.0020224082837843305,0.005540292219433489,44624.0,14874,0,1.1382810388708286e-05,0.0037663469914448566,0.002251506319830709,9.507703010641844e-06,0.005431216973948226,0.0020741386639016608
Zeist,Utrecht (provincie),63960,48.51,1305.0,34800.0,52.08653175,5.24900795767188,5.0,7.817385866166354e-05,0.10307153164296022,0.003792213883677298,12792.0,10660,7,0.00010977323523697737,0.07603103977158712,0.004730246323375737,5.9698739733946024e-05,0.03789049401910738,0.0030897049645269518
Zevenaar,Gelderland,43507,92.6,469.0,27900.0,51.9357252,6.0789395,1.0,2.298480704254488e-05,0.010799136069114472,0.0021283931321396557,43507.0,21753,2,2.150591976542731e-05,0.009049930577187048,0.0018403203289503968,1.721622391496517e-05,0.00888637718596235,0.0015214627270522035
Zoetermeer,Zuid-Holland,124947,34.45,3620.0,29600.0,52.06228915,4.48775455369488,1.9,1.5206447533754311e-05,0.05515239477503628,0.0005238621175378361,65761.57894736843,43085,1,3.0440756654428055e-05,0.07143909940827131,0.0006882066354724089,2.041897661087393e-05,0.043632581678239454,0.0003806281459146849
Zoeterwoude,Zuid-Holland,8451,21.19,398.0,33700.0,52.11718945,4.50345950207935,2.8,0.0003313217370725358,0.13213780084945728,0.007020707608567034,3018.214285714286,2223,3,0.0002630518942516105,0.16837823415237024,0.006811689234400736,6.809743530881317e-05,0.07247212850785036,0.0027467097958134594
Zuidplas,Zuid-Holland,42767,58.02,722.0,32800.0,51.9995787,4.61345093742516,2.3,5.377978347791521e-05,0.03964150293002412,0.0031203030373886404,18594.34782608696,12959,4,3.39586659765619e-05,0.01705138471271403,0.002350964697774102,2.7087480259710103e-05,0.01809930930053315,0.002074040538459369
Zundert,Noord-Brabant,21624,120.65,178.0,30100.0,51.4702197,4.6610472000000005,0.1,4.624491305956345e-06,0.0008288437629506838,0.000557944876063633,216240.0,19658,4,3.39586659765619e-05,0.01705138471271403,0.002350964697774102,2.7087480259710103e-05,0.01809930930053315,0.002074040538459369
Zutphen,Gelderland,47605,40.95,1161.0,27000.0,52.143221999999994,6.2044441,0.3,6.301859048419283e-06,0.007326007326007325,0.0002580611280327697,158683.33333333334,36619,2,2.150591976542731e-05,0.009049930577187048,0.0018403203289503968,1.721622391496517e-05,0.00888637718596235,0.0015214627270522035
Zwartewaterland,Overijssel,22502,82.49,272.0,29400.0,52.6099199,6.04552205192132,0.3,1.3332148253488579e-05,0.0036368044611468056,0.0010997689094302727,75006.66666666667,17309,2,2.150591976542731e-05,0.009049930577187048,0.0018403203289503968,1.721622391496517e-05,0.00888637718596235,0.0015214627270522035
Zwijndrecht,Zuid-Holland,44654,20.3,2196.0,28700.0,51.82052005,4.6257315183795304,1.9,4.254937967483316e-05,0.09359605911330049,0.0008637524073991132,23502.105263157897,15397,1,3.0440756654428055e-05,0.07143909940827131,0.0006882066354724089,2.041897661087393e-05,0.043632581678239454,0.0003806281459146849
Zwolle,Overijssel,127492,111.1,1135.0,28600.0,52.51456525,6.09772035967769,2.4,1.8824710570074983e-05,0.021602160216021602,0.0020914253443353307,53121.66666666667,37497,2,2.150591976542731e-05,0.009049930577187048,0.0018403203289503968,1.721622391496517e-05,0.00888637718596235,0.0015214627270522035
